2;1;BA 19.5+25.4+3.18;RETEN DE EMBOLO;2;S/. 15.50;;1
3;1;BA 19.5+25.4+4.76;RETEN DE EMBOLO;2;S/. 15.00;;1
4;1;BA 19.5+25.4+6.35;RETEN DE EMBOLO;2;S/. 15.00;;1
5;1;BA 19.5+31.75+9.53;RETEN DE EMBOLO;2;S/. 28.00;;1
6;1;BA 22.23+28.58+6.35;RETEN DE EMBOLO;2;S/. 20.00;;1
7;1;BA 22+32+8;RETEN DE EMBOLO;2;S/. 25.00;;1
8;1;BA 25.4+31.75+3.17;RETEN DE EMBOLO;2;S/. 25.00;;1
9;1;BA 25.4+31.75+4.76;RETEN DE EMBOLO;2;S/. 25.00;;1
10;1;BA 25.4+31.75+6.35;RETEN DE EMBOLO;2;S/. 25.00;;1
11;1;BA 25.4+33.4+5.68;RETEN DE EMBOLO;2;S/. 25.00;;1
12;1;BA 25.4+34.93+4.96;RETEN DE EMBOLO;2;S/. 25.00;;1
13;1;BA 25.4+34.93+7.95;RETEN DE EMBOLO;2;S/. 25.00;;1
14;1;BA 25.4+38.1+6.35;RETEN DE EMBOLO;2;S/. 25.00;;1
15;1;BA 25.4+38.1+9.53;RETEN DE EMBOLO;2;S/. 25.00;;1
16;1;BA 31.75+38.1+6.35;RETEN DE EMBOLO;2;S/. 30.00;;1
17;1;BA 31.75+41.28+6.35;RETEN DE EMBOLO;2;S/. 30.00;;1
18;1;BA 31.75+41.28+7.95;RETEN DE EMBOLO;2;S/. 30.00;;1
19;1;BA 31.75+41.28+9.53;RETEN DE EMBOLO;2;S/. 30.00;;1
20;1;BA 31.75+47.63+11.11;RETEN DE EMBOLO;2;S/. 35.00;;1
21;1;BA 31.75+50.8+6.35;RETEN DE EMBOLO;2;S/. 35.00;;1
22;1;BA 33.33+39.68+3.93;RETEN DE EMBOLO;2;S/. 30.00;;1
23;1;BA 34.92+50.8+7.93;RETEN DE EMBOLO;2;S/. 30.00;;1
24;1;BA 34.93+44.45+9.53;RETEN DE EMBOLO;2;S/. 30.00;;1
25;1;BA 34.93+50.8+11.11;RETEN DE EMBOLO;2;S/. 35.00;;1
26;1;BA 35+45+6;RETEN DE EMBOLO;2;S/. 30.00;;1
27;1;BA 38.1+47.63+9.53;RETEN DE EMBOLO;2;S/. 30.00;;1
28;1;BA 38.1+47.65+7.94;RETEN DE EMBOLO;2;S/. 30.00;;1
29;1;BA 38.1+50.8+6.35;RETEN DE EMBOLO;2;S/. 30.00;;1
30;1;BA 38.1+50.8+7.9;RETEN DE EMBOLO;2;S/. 35.00;;1
31;1;BA 38.1+50.8+9.53;RETEN DE EMBOLO;2;S/. 30.00;;1
32;1;BA 41.28+47.63+9.53;RETEN DE EMBOLO;2;S/. 30.00;;1
33;1;BA 41.28+50.8+7.94;RETEN DE EMBOLO;2;S/. 30.00;;1
34;1;BA 41.28+50.8+9.52;RETEN DE EMBOLO;2;S/. 35.00;;1
35;1;BA 44.45+50.8+6.35;RETEN DE EMBOLO;2;S/. 30.00;;1
36;1;BA 44.45+57.15+9.53;RETEN DE EMBOLO;2;S/. 30.00;;1
37;1;BA 44.45+60.63+11.11;node;2;S/. 0.00;;1
38;1;BA 45+55+10;RETEN DE EMBOLO;2;S/. 35.00;;1
39;1;BA 50.8+63.5+6.35;RETEN DE EMBOLO;2;S/. 35.00;;1
40;1;BA 50.8+63.5+9.52;RETEN DE EMBOLO;2;S/. 40.00;;1
41;1;BA 50.8+65.88+12.7;RETEN DE EMBOLO;2;S/. 45.00;;1
42;1;BA 57.15+66.68+9.52;RETEN DE EMBOLO;2;S/. 45.00;;1
43;1;BA 63.5+72.2+9.52;sass;2;S/. 0.00;;1
44;1;BA 63.5+73.3+9.52;RETEN DE EMBOLO;2;S/. 40.00;;1
45;1;BA 63.5+76.2+6.35;RETEN DE EMBOLO;2;S/. 45.00;;1
46;1;BA 63.5+82.55+14.29;RETEN DE EMBOLO;2;S/. 55.00;;1
47;1;BA 69.85+82.55+9.52;RETEN DE EMBOLO;2;S/. 45.00;;1
48;1;BA 69.85+88.9+14.29;RETEN DE EMBOLO;2;S/. 55.00;;1
49;1;BA 73.3+88.9;RETEN DE EMBOLO;2;S/. 55.00;;1
50;1;BA 76.2+88.9+9.52;RETEN DE EMBOLO;2;S/. 45.00;;1
51;1;BA 76.2+92.7+12.5;RETEN DE EMBOLO;2;S/. 50.00;;1
52;1;DAS 30+22+13.5;laravel;2;S/. 0.00;;1
53;1;DAS 32+22+6+16.4;php;2;S/. 0.00;;1
54;1;DAS 35+25+16.4;composer;2;S/. 0.00;;1
55;1;DAS 40+24+18.5;node;2;S/. 0.00;;1
56;1;DAS 40+30+12.5;javascript;2;S/. 0.00;;1
57;1;DAS 40+30+16.5;vuejs;2;S/. 0.00;;1
58;1;DAS 40+32+15.5;react;2;S/. 0.00;;1
59;1;DAS 44.45+28.57+19.5;angular;2;S/. 0.00;;1
60;1;DAS 45+29+18.4;springboot;2;S/. 0.00;;1
61;1;DAS 45+31+15.5;sass;2;S/. 0.00;;1
62;1;DAS 45+37+15.5;html;2;S/. 0.00;;1
63;1;DAS 50+34+20.5;css;2;S/. 0.00;;1
64;1;DAS 50+38+20.8;jquery;2;S/. 0.00;;1
65;1;DAS 50+40+12.5;ajax;2;S/. 0.00;;1
66;1;DAS 55+39+18.4;python;2;S/. 0.00;;1
67;1;DAS 55+39+20.5;ruby;2;S/. 0.00;;1
68;1;DAS 60.32+44.45+19.5;flexbox;2;S/. 0.00;;1
69;1;DAS 60+32+44.45;bootstrap;2;S/. 0.00;;1
70;1;DAS 60+44+18.5;laravel;2;S/. 0.00;;1
71;1;DAS 60+44+18.5;php;2;S/. 0.00;;1
72;1;DAS 60+44+20.5;composer;2;S/. 0.00;;1
73;1;DAS 60+44+20.5;node;2;S/. 0.00;;1
74;1;DAS 60+48+20.5;javascript;2;S/. 0.00;;1
75;1;DAS 63.51+20.5;vuejs;2;S/. 0.00;;1
76;1;DAS 63+47+19.5;react;2;S/. 0.00;;1
77;1;DAS 63+47+20.5;angular;2;S/. 0.00;;1
78;1;DAS 65+49+20.5;springboot;2;S/. 0.00;;1
79;1;DAS 70+50+20.4;sass;2;S/. 0.00;;1
80;1;DAS 70+54+20.5;html;2;S/. 0.00;;1
81;1;DAS 75.59+20.5;css;2;S/. 0.00;;1
82;1;DAS 75+55+22.4;jquery;2;S/. 0.00;;1
83;1;DAS 80+60+22.5;ajax;2;S/. 0.00;;1
84;1;DAS 80+62+22.5;python;2;S/. 0.00;;1
85;1;DAS 80+66+22.4;ruby;2;S/. 0.00;;1
86;1;DAS 82.55+63.5+23.81;flexbox;2;S/. 0.00;;1
87;1;DAS 82+55+73.5;bootstrap;2;S/. 0.00;;1
88;1;DAS 85+75+20;laravel;2;S/. 0.00;;1
89;1;DAS 88.9+69.8+5/1;php;2;S/. 0.00;;1
90;1;DAS 90+70+22.4;composer;2;S/. 0.00;;1
91;1;DHS 10+20+4/8;LIMPIADOR HIDRAULICO;2;S/. 15.00;;1
92;1;DHS 12+18+3.6/4.8;LIMPIADOR HIDRAULICO;2;S/. 15.00;;1
93;1;DHS 12+20+4.5/6;LIMPIADOR HIDRAULICO;2;S/. 18.00;;1
94;1;DHS 14+22+4.5/6;LIMPIADOR HIDRAULICO;2;S/. 18.00;;1
95;1;DHS 16+22+3.6/4.8;LIMPIADOR HIDRAULICO;2;S/. 20.00;;1
96;1;DHS 16+24+4.5/5;LIMPIADOR HIDRAULICO;2;S/. 20.00;;1
97;1;DHS 16+24+4.5/6;html;2;S/. 0.00;;1
98;1;DHS 18+24+4.9;css;2;S/. 0.00;;1
99;1;DHS 18+26+4.5/6;RETEN;2;S/. 22.00;;1
100;1;DHS 18+26+4/7;LIMPIADOR HIDRAULICO;2;S/. 22.00;;1
101;1;DHS 20+26+3.6/4;LIMPIADOR HIDRAULICO;2;S/. 25.00;;1
102;1;DHS 20+28+4.5/6;LIMPIADOR HIDRAULICO;2;S/. 25.00;;1
103;1;DHS 20+30+7/10;LIMPIADOR HIDRAULICO;2;S/. 25.00;;1
104;1;DHS 22.4+30.4+4.5/6;LIMPIADOR HIDRAULICO;2;S/. 25.00;;1
105;1;DHS 22+30+4.5/6;LIMPIADOR HIDRAULICO;2;S/. 25.00;;1
106;1;DHS 24+32+4.5/6;LIMPIADOR HIDRAULICO;2;S/. 25.00;;1
107;1;DHS 25+33+4.5;composer;2;S/. 0.00;;1
108;1;DHS 25+33+4.5/6;LIMPIADOR HIDRAULICO;2;S/. 25.00;;1
109;1;DHS 26+32+2.5/4.2;LIMPIADOR HIDRAULICO;2;S/. 25.00;;1
110;1;DHS 26+34+4.5/6;LIMPIADOR HIDRAULICO;2;S/. 25.00;;1
111;1;DHS 28+36+6;LIMPIADOR HIDRAULICO;2;S/. 25.00;;1
112;1;DHS 30+38+5/6.5;LIMPIADOR HIDRAULICO;2;S/. 30.00;;1
113;1;DHS 31.5+39.5+5/6.5;LIMPIADOR HIDRAULICO;2;S/. 30.00;;1
114;1;DHS 32+40+5/6.5;LIMPIADOR HIDRAULICO;2;S/. 30.00;;1
115;1;DHS 35+43+5/6.5;LIMPIADOR HIDRAULICO;2;S/. 30.00;;1
116;1;DHS 35+45+4.6/6.5;css;2;S/. 0.00;;1
117;1;DHS 35+45+4.6/8;LIMPIADOR HIDRAULICO;2;S/. 30.00;;1
118;1;DHS 38+46+5/6.5;LIMPIADOR HIDRAULICO;2;S/. 30.00;;1
119;1;DHS 40+48+5/6.5;LIMPIADOR HIDRAULICO;2;S/. 30.00;;1
120;1;DHS 40+50+10/7;LIMPIADOR HIDRAULICO;2;S/. 30.00;;1
121;1;DHS 40+50+4/7;LIMPIADOR HIDRAULICO;2;S/. 30.00;;1
122;1;DHS 40+50+5/6;bootstrap;2;S/. 0.00;;1
123;1;DHS 45+53+5/6.5;LIMPIADOR HIDRAULICO;2;S/. 30.00;;1
124;1;DHS 48+56+6.5;LIMPIADOR HIDRAULICO;2;S/. 35.00;;1
125;1;DHS 50+58+4/7;LIMPIADOR HIDRAULICO;2;S/. 30.00;;1
126;1;DHS 50+58+5/2;LIMPIADOR HIDRAULICO;2;S/. 35.00;;1
127;1;DHS 50+58+5/6.5;javascript;2;S/. 0.00;;1
128;1;DHS 53+61+6.5;LIMPIADOR HIDRAULICO;2;S/. 35.00;;1
129;1;DHS 55+63+5/6.5;LIMPIADOR HIDRAULICO;2;S/. 35.00;;1
130;1;DHS 55+65+5/7;LIMPIADOR HIDRAULICO;2;S/. 35.00;;1
131;1;DHS 55+65+6/7;LIMPIADOR HIDRAULICO;2;S/. 35.00;;1
132;1;DHS 56+64+6.5;LIMPIADOR HIDRAULICO;2;S/. 35.00;;1
133;1;DHS 60+68+6.5;LIMPIADOR HIDRAULICO;2;S/. 35.00;;1
134;1;DHS 60+70+6/8;LIMPIADOR HIDRAULICO;2;S/. 35.00;;1
135;1;DHS 63.71+5/6.5;ajax;2;S/. 0.00;;1
136;1;dhs 63+71+5/6.5;LIMPIADOR HIDRAULICO;2;S/. 35.00;;1
137;1;DHS 65+73+4/7;LIMPIADOR HIDRAULICO;2;S/. 45.00;;1
138;1;DHS 65+73+5/6.5;LIMPIADOR HIDRAULICO;2;S/. 35.00;;1
139;1;DHS 65+73+5/7;LIMPIADOR HIDRAULICO;2;S/. 40.00;;1
140;1;DHS 67+75+5/6.5;LIMPIADOR HIDRAULICO;2;S/. 45.00;;1
141;1;DHS 70+78+4/7;LIMPIADOR HIDRAULICO;2;S/. 45.00;;1
142;1;DHS 70+80+6/8;LIMPIADOR HIDRAULICO;2;S/. 45.00;;1
143;1;DHS 75+85+6/8;LIMPIADOR HIDRAULICO;2;S/. 50.00;;1
144;1;DHS 80+90+6/8;LIMPIADOR HIDRAULICO;2;S/. 50.00;;1
145;1;DHS 85+100+10;LIMPIADOR HIDRAULICO;2;S/. 50.00;;1
146;1;dhs 85+100+7/10;react;2;S/. 0.00;;1
147;1;DHS 85+95+6/8;LIMPIADOR HIDRAULICO;2;S/. 50.00;;1
148;1;DHS 90+100+6/8;LIMPIADOR HIDRAULICO;2;S/. 55.00;;1
149;1;DHS 95+105+6/8;LIMPIADOR HIDRAULICO;2;S/. 55.00;;1
150;1;DHS 95+105+8;LIMPIADOR HIDRAULICO;2;S/. 60.00;;1
151;1;DHS 95+107+7/12;LIMPIADOR HIDRAULICO;2;S/. 55.00;;1
152;1;DHS 98+108+6/8;LIMPIADOR HIDRAULICO;2;S/. 60.00;;1
153;1;DHS 100+112+7/11;LIMPIADOR HIDRAULICO;2;S/. 65.00;;1
154;1;LH -M 10+20+5/8;python;2;S/. 0.00;;1
155;1;LH -M 14+22+4.5/5;ruby;2;S/. 0.00;;1
156;1;LH-M 12+18+5.5/5;flexbox;2;S/. 0.00;;1
157;1;LH-M 12+20+4/6;bootstrap;2;S/. 0.00;;1
158;1;LH-M 12+22+5/8;laravel;2;S/. 0.00;;1
159;1;LH-M 14+20+3/6;php;2;S/. 0.00;;1
160;1;LH-M 14+24+5/7;composer;2;S/. 0.00;;1
161;1;LH-M 15+22+3/4;node;2;S/. 0.00;;1
162;1;LH-M 15+25+5/8;javascript;2;S/. 0.00;;1
163;1;LH-M 16+22+3/4;vuejs;2;S/. 0.00;;1
164;1;LH-M 16+24+5/8;react;2;S/. 0.00;;1
165;1;LH-M 16+26+5/1;angular;2;S/. 0.00;;1
166;1;LH-M 18+28+5/10;springboot;2;S/. 0.00;;1
167;1;LH-M 18+30+6/9;sass;2;S/. 0.00;;1
168;1;LH-M 19.26+5/7;html;2;S/. 0.00;;1
169;1;LH-M 19.5+25.4+3.18/5.56;css;2;S/. 0.00;;1
170;1;LH-M 19.5+28.5+4.18/6.3;jquery;2;S/. 0.00;;1
171;1;LH-M 20+26+2.5/5;ajax;2;S/. 0.00;;1
172;1;LH-M 20+26+4/7;python;2;S/. 0.00;;1
173;1;LH-M 20+26+4/7;ruby;2;S/. 0.00;;1
174;1;LH-M 20+26+5/7;flexbox;2;S/. 0.00;;1
175;1;LH-M 20+28+3.5/5;bootstrap;2;S/. 0.00;;1
176;1;LH-M 20+28+3.5/5;laravel;2;S/. 0.00;;1
177;1;LH-M 20+28+4/6;php;2;S/. 0.00;;1
178;1;LH-M 20+28+5/8;composer;2;S/. 0.00;;1
179;1;LH-M 20+28+7/10;node;2;S/. 0.00;;1
180;1;LH-M 20+30+4/6;javascript;2;S/. 0.00;;1
181;1;LH-M 20+30+5/10;vuejs;2;S/. 0.00;;1
182;1;LH-M 20+30+5/7;react;2;S/. 0.00;;1
183;1;LH-M 20+30+5/7;angular;2;S/. 0.00;;1
184;1;LH-M 20+30+5/8;springboot;2;S/. 0.00;;1
185;1;LH-M 20+30+7/10;sass;2;S/. 0.00;;1
186;1;LH-M 20+32+6/9;html;2;S/. 0.00;;1
187;1;LH-M 20+32+7/10;css;2;S/. 0.00;;1
188;1;LH-M 22+28+5/8;jquery;2;S/. 0.00;;1
189;1;LH-M 22+30+5/7;ajax;2;S/. 0.00;;1
190;1;LH-M 22+32+6/9;python;2;S/. 0.00;;1
191;1;LH-M 22+34+6/9;ruby;2;S/. 0.00;;1
192;1;LH-M 22+35+5/8;flexbox;2;S/. 0.00;;1
193;1;LH-M 25.4+34.93+4.78/7.14;bootstrap;2;S/. 0.00;;1
194;1;LH-M 25+35+5/8;laravel;2;S/. 0.00;;1
195;1;LH-M 25+37+7/10;php;2;S/. 0.00;;1
196;1;LH-M 25+38+7/10;composer;2;S/. 0.00;;1
197;1;LH-M 25+40+7/10;node;2;S/. 0.00;;1
198;1;LH-M 28.58+38.1+5.5/7.14;javascript;2;S/. 0.00;;1
199;1;LH-M 28.58+38.1+5.56/7.14;vuejs;2;S/. 0.00;;1
200;1;LH-M 28+38+7/10;react;2;S/. 0.00;;1
201;1;LH-M 30+40+5/8;angular;2;S/. 0.00;;1
202;1;LH-M 30+45+7/10;springboot;2;S/. 0.00;;1
203;1;LH-M 31.75+41.28+6.35;sass;2;S/. 0.00;;1
204;1;LH-M 31+25+4;html;2;S/. 0.00;;1
205;1;LH-M 32+40+6/9;css;2;S/. 0.00;;1
206;1;LH-M 32+42+6/9;jquery;2;S/. 0.00;;1
207;1;LH-M 32+42+7/10;ajax;2;S/. 0.00;;1
208;1;LH-M 35+45+7/10;python;2;S/. 0.00;;1
209;1;LH-M 35+47+7/10;ruby;2;S/. 0.00;;1
210;1;LH-M 35+52+7/10;flexbox;2;S/. 0.00;;1
211;1;LH-M 36+48+7/10;bootstrap;2;S/. 0.00;;1
212;1;LH-M 38+48+7/10;laravel;2;S/. 0.00;;1
213;1;LH-M 40+50+5/8;php;2;S/. 0.00;;1
214;1;LH-M 40+50+7/10;composer;2;S/. 0.00;;1
215;1;LH-M 40+52+7/10;node;2;S/. 0.00;;1
216;1;LH-M 42+52+7/10;javascript;2;S/. 0.00;;1
217;1;LH-M 45+57+7/10;vuejs;2;S/. 0.00;;1
218;1;LH-M 45+57+7/10;react;2;S/. 0.00;;1
219;1;LH-M 45+60+7/10;angular;2;S/. 0.00;;1
220;1;LH-M 48+60+7/10;springboot;2;S/. 0.00;;1
221;1;LH-M 50+62+7/10;sass;2;S/. 0.00;;1
222;1;LH-M 50+63+7/10;html;2;S/. 0.00;;1
223;1;LH-M 50+64+8/11;css;2;S/. 0.00;;1
224;1;LH-M 50+65+7/10;jquery;2;S/. 0.00;;1
225;1;LH-M 50+68+7/10;ajax;2;S/. 0.00;;1
226;1;LH-M 55+63+7/10;python;2;S/. 0.00;;1
227;1;LH-M 55+65+7/10;ruby;2;S/. 0.00;;1
228;1;LH-M 55+69+8/11;flexbox;2;S/. 0.00;;1
229;1;LH-M 56+66+7/10;bootstrap;2;S/. 0.00;;1
230;1;LH-M 63.5+76.2+7.95/11;laravel;2;S/. 0.00;;1
231;1;LH-M 63+73+7/10;php;2;S/. 0.00;;1
232;1;LH-M 63+77+8/11;composer;2;S/. 0.00;;1
233;1;LH-M 65+75+7/10;node;2;S/. 0.00;;1
234;1;LH-M 70+80+7/10;javascript;2;S/. 0.00;;1
235;1;LH-M 70+84+8/11;vuejs;2;S/. 0.00;;1
236;1;LH-M 70+85+7/10;react;2;S/. 0.00;;1
237;1;LH-M 75+89+8/11;angular;2;S/. 0.00;;1
238;1;LH-M 76.2+88.9+7.95/11.13;springboot;2;S/. 0.00;;1
239;1;LH-M 80+94+8/11;sass;2;S/. 0.00;;1
240;1;LH-M 85+95+7/10;html;2;S/. 0.00;;1
241;1;LH-M 85+99+8/11;css;2;S/. 0.00;;1
242;1;LH-M 90+100+7/10;jquery;2;S/. 0.00;;1
243;1;LH-M 90+105+6;ajax;2;S/. 0.00;;1
244;1;LH-M 95+105+7/10;python;2;S/. 0.00;;1
245;1;2.62+29.82+35.06 ORING NITRILO N/70  2-123;ORING NITRILO;2;S/. 1.00;;1
246;1;1.78+1.78+5.34 ORING NITRILO N/70  2-004;ORING NITRILO;2;S/. 1.00;;1
247;1;1.78+3.68+7.24 ORING NITRILO N/70  2-007;ORING NITRILO;2;S/. 1.00;;1
248;1;1.78+4.47+8.03 ORING NITRILO N/70  2-008;ORING NITRILO;2;S/. 1.00;;1
249;1;1.78+6.07+9.63 ORING NITRILO N/70  2-010;ORING NITRILO;2;S/. 1.00;;1
250;1;1.78+7.65+11.21 ORING NITRILO N/70  2-011;ORING NITRILO;2;S/. 1.00;;1
251;1;1.78+12.42+15.98 ORING NITRILO N/70  2-014;ORING NITRILO;2;S/. 1.00;;1
252;1;1.78+14.00+17.56 ORING NITRILO N/70  2-015;ORING NITRILO;2;S/. 1.00;;1
253;1;1.78+15.60+19.16 ORING  NITRILO N/70 2-016;ORING NITRILO;2;S/. 1.00;;1
254;1;1.78+17.17+20.73 ORING  NITRILO N/70  2-017;ORING NITRILO;2;S/. 1.00;;1
255;1;1.78+18.77+22.23 ORING NITRILO N/70  2-018;ORING NITRILO;2;S/. 1.00;;1
256;1;1.78+20.35+23.91 ORING  NITRILO N/70  2-019;ORING NITRILO;2;S/. 1.00;;1
257;1;1.78+21.95 25.51 ORING  NITRILO N/70  2-020;ORING NITRILO;2;S/. 1.00;;1
258;1;1.78+23.52 27.08 ORING  NITRILO N/70  2-021;ORING NITRILO;2;S/. 1.00;;1
259;1;1.78+25.12+28.68 ORING  NITRILO N/70  2-022;ORING NITRILO;2;S/. 1.00;;1
260;1;1.78+26.70+30.26 ORING  NITRILO N/70  2-023;ORING NITRILO;2;S/. 1.00;;1
261;1;1.78+29.87+33.43 ORING NITRILO N/70   2-025;ORING NITRILO;2;S/. 2.00;;1
262;1;1.78+33.05+36.61 ORING NITRILO N/70  2-027;ORING NITRILO;2;S/. 1.00;;1
263;1;2.62+1.24+6.48 ORING NITRILO N/70  2-102;ORING NITRILO;2;S/. 1.00;;1
264;1;2.62+3.63+8.87 ORING NITRILO N/70   2-105;ORING NITRILO;2;S/. 1.00;;1
265;1;2.62+4.42+9.66 ORING  NITRILO N/70   2-106;ORING NITRILO;2;S/. 1.00;;1
266;1;2.62+5.23+10.47 ORING NITRILO N/70   2-107;ORING NITRILO;2;S/. 1.00;;1
267;1;2.62+7.59+12.83  ORING  NITRILO N/70  2-109;ORING NITRILO;2;S/. 1.00;;1
268;1;2.62+10.77+16.01 ORING  NITRILO N/70  2-111;ORING NITRILO;2;S/. 1.00;;1
269;1;2.62+12.37+17.61 ORING NITRILO N/70   2-112;ORING NITRILO;2;S/. 1.00;;1
270;1;2.62+13.94+19.18 ORING NITRILO N/70   2-113;ORING NITRILO;2;S/. 1.00;;1
271;1;2.62+15.54+20.78 ORING  NITRILO N/70  2-114;ORING NITRILO;2;S/. 0.00;;1
272;1;2.62+17.12+22.36 ORING NITRILO N/70   2-115;ORING NITRILO;2;S/. 1.00;;1
273;1;2.62+20.30+25.54  ORING  NITRILO N/70   2-117;ORING NITRILO;2;S/. 1.00;;1
274;1;2.62+21.89+27.17 ORING  NITRILO N/70  2-118;ORING NITRILO;2;S/. 1.00;;1
275;1;2.62+23.47+28.71 ORING NITRILO N/70   2-119;ORING NITRILO;2;S/. 1.00;;1
276;1;2.62+25.07+30.31 ORING NITRILO N/70   2-120;ORING NITRILO;2;S/. 0.00;;1
277;1;2.62+26.64+31.88  ORING NITRILO N/70   2-121;ORING NITRILO;2;S/. 0.00;;1
278;1;2.62+31.42+36.66  ORING NITRILO N/70   2-124;ORING NITRILO;2;S/. 0.00;;1
279;1;2.62+32.99+38.23 ORING  NITRILO N/70  2-125;ORING NITRILO;2;S/. 0.00;;1
280;1;2.62+34.59+39.83  ORING NITRILO N/70   2-126;ORING NITRILO;2;S/. 0.00;;1
281;1;2.62+36.17+41.41 ORING  NITRILO N/70  2-127;ORING NITRILO;2;S/. 0.00;;1
282;1;2.62+37.77+43.01 ORING  NITRILO N/70  2-128;ORING NITRILO;2;S/. 0.00;;1
283;1;2.62+39.34+44.58 ORING NITRILO N/70   2-129;ORING NITRILO;2;S/. 0.00;;1
284;1;2.62+40.94+46.18 ORING NITRILO N/70   2-130;ORING NITRILO;2;S/. 0.00;;1
285;1;2.62+42.52+47.76 ORING  NITRILO N/70  2-131;ORING NITRILO;2;S/. 0.00;;1
286;1;2.62+44.12 49.36 ORING  NITRILO N/70  2-132;ORING NITRILO;2;S/. 0.00;;1
287;1;2.62+45.69+50.93 ORING NITRILO N/70   2-133;ORING NITRILO;2;S/. 0.00;;1
288;1;2.62+47.29+52.53 ORING  NITRILO N/70  2-134;ORING NITRILO;2;S/. 0.00;;1
289;1;2.62+48.90+54.14 ORING NITRILO N/70   2-135;ORING NITRILO;2;S/. 0.00;;1
290;1;2.62+50.47+57.31 ORING NITRILO N/70   2-136;ORING NITRILO;2;S/. 0.00;;1
291;1;2.62+52.07+57.31 ORING NITRILO N/70   2-137;ORING NITRILO;2;S/. 0.00;;1
292;1;2.62+53.64+58.88 ORING NITRILO N/70   2-138;ORING NITRILO;2;S/. 0.00;;1
293;1;2.62+55.25+60.49 ORING NITRILO N/70   2-139;ORING NITRILO;2;S/. 0.00;;1
294;1;2.+62+56.82+62.06 ORING NITRILO N/70  2-140;ORING NITRILO;2;S/. 0.00;;1
295;1;2.61+58.42+63.66 ORING NITRILO N/70  2-141;ORING NITRILO;2;S/. 0.00;;1
296;1;2.62+59.99+63.66 ORING NITRILO N/70   2-142;ORING NITRILO;2;S/. 0.00;;1
297;1;2.62+61.60+66.84 ORING NITRILO N/70   2-143;ORING NITRILO;2;S/. 0.00;;1
298;1;2.62+63.17+68.41 ORING NITRILO N/70   2-144;ORING NITRILO;2;S/. 0.00;;1
299;1;2.62+64.67+70.01 ORING  NITRILO N/70  2-145;ORING NITRILO;2;S/. 0.00;;1
300;1;2.62+66.34+71.58 ORING  NITRILO N/70  2-146;ORING NITRILO;2;S/. 0.00;;1
301;1;2.62+67.95+73.19 ORING  NITRILO N/70  2-147;ORING NITRILO;2;S/. 0.00;;1
302;1;2.62+69.52+74.76 ORING NITRILO N/70   2-148;ORING NITRILO;2;S/. 0.00;;1
303;1;2.62+71.12+76.36 ORING NITRILO N/70   2-149;ORING NITRILO;2;S/. 0.00;;1
304;1;2.62+72.69+77.93 ORING NITRILO N/70   2-150;ORING NITRILO;2;S/. 0.00;;1
305;1;2.62+75.87+81.11 ORING NITRILO N/70   2-151;ORING NITRILO;2;S/. 0.00;;1
306;1;2.62+82.22+87.46 ORING NITRILO N/70  2-152;ORING NITRILO;2;S/. 0.00;;1
307;1;2.62+94.92+100.16 ORING  NITRILO N/70  2-154;ORING NITRILO;2;S/. 0.00;;1
308;1;2.62+145.72+150.96 ORING NITRILO N/70  2-162;ORING NITRILO;2;S/. 0.00;;1
309;1;3.53+4.34+11.40 ORING NITRILO N/70  2-201;ORING NITRILO;2;S/. 0.00;;1
310;1;3.53+5.94+13.00 ORING NITRILO N/70  2-202;ORING NITRILO;2;S/. 0.00;;1
311;1;3.53+7.52+14.58 ORING  NITRILO N/70 2-203;ORING NITRILO;2;S/. 0.00;;1
312;1;3.53+10.69+17.76 ORING NITRILO N/70  2-205;ORING NITRILO;2;S/. 0.00;;1
313;1;3.53+12.29+19.35 ORING NITRILO N/70  2-206;ORING NITRILO;2;S/. 0.00;;1
314;1;3.53+13.87+20.93 ORING NITILO N/70 2-207;ORING NITRILO;2;S/. 0.00;;1
315;1;3.53+15.47+22.53 ORING NITRILO N/70  2-208;ORING NITRILO;2;S/. 0.00;;1
316;1;3.53+17.04+24.10 ORING NITRILO N/70 2-209;ORING NITRILO;2;S/. 0.00;;1
317;1;3.53+18.64+25.70 ORING  NITRILO N/70  2-210;ORING NITRILO;2;S/. 0.00;;1
318;1;3.53+20.22+27.28 ORING NITRILO N/70   2-211;ORING NITRILO;2;S/. 0.00;;1
319;1;3.53+21.82+28.88 ORING NITRILO N/70  2-212;ORING NITRILO;2;S/. 0.00;;1
320;1;3.53+28.17+35.23 ORING NITRILO N/70  2-216;ORING NITRILO;2;S/. 0.00;;1
321;1;3.53+29.74+36.80 ORING  NITRILO N/70  2-217;ORING NITRILO;2;S/. 0.00;;1
322;1;3.53+31.34+38.40 ORING NITRILO N/70  2-218;ORING NITRILO;2;S/. 0.00;;1
323;1;3.53+32.92+39.98 ORING NITRILO N/70  2-219;ORING NITRILO;2;S/. 0.00;;1
324;1;3.53+32.52+41.58 ORING NITRILO N/70  2-220;ORING NITRILO;2;S/. 0.00;;1
325;1;3.53+63.09+43.15 ORING NITRILO N/70  2-221;ORING NITRILO;2;S/. 0.00;;1
326;1;3.53+37.69+44.75 ORING NITRILO N/70  2-222;ORING NITRILO;2;S/. 0.00;;1
327;1;3.53+40.87+47.93 ORING NITRILO N/70  2-223;ORING NITRILO;2;S/. 0.00;;1
328;1;3.53+44.04+51.10 ORING NITRILO N/70 2-224;ORING NITRILO;2;S/. 0.00;;1
329;1;3.53+47.22+54.28 ORING NITRILO N/70  2-225;ORING NITRILO;2;S/. 0.00;;1
330;1;3.53+50.39+57.45 ORING NITRILO N/70  2-226;ORING NITRILO;2;S/. 0.00;;1
331;1;3.53+53.57+60.63 ORING  NITRILO N/70 2-227;ORING NITRILO;2;S/. 0.00;;1
332;1;3.53+56.74+63.80 ORING NITRILO N/70  2-228;ORING NITRILO;2;S/. 6.00;;1
333;1;3.53+59.92+66.98 ORING NITRILO N/70  2-229;ORING NITRILO;2;S/. 0.00;;1
334;1;3.53+63.09+70.15 ORING NITRILO N/70 2-230;ORING NITRILO;2;S/. 0.00;;1
335;1;3.53+66.27+73.33 ORING NITRILO N/70  2-231;ORING NITRILO;2;S/. 0.00;;1
336;1;3.53+82.14+89.20 ORING NITRILO N/70  2-236;ORING NITRILO;2;S/. 0.00;;1
337;1;ORING 2X10;ORING NITRILO;2;S/. 1.00;;1
338;1;ORING 2X11;ORING NITRILO;2;S/. 1.00;;1
339;1;ORING 2X12;ORING NITRILO;2;S/. 1.00;;1
340;1;ORING 2X13;ORING NITRILO;2;S/. 1.00;;1
341;1;ORING 2X14;ORING NITRILO;2;S/. 1.00;;1
342;1;ORING 2X15;ORING NITRILO;2;S/. 1.00;;1
343;1;ORING 2X16;ORING NITRILO;2;S/. 1.00;;1
344;1;ORING 2X17;ORING NITRILO;2;S/. 1.00;;1
345;1;ORING 2X18;ORING NITRILO;2;S/. 1.00;;1
346;1;ORING 2X19;ORING NITRILO;2;S/. 1.00;;1
347;1;ORING 2X20;ORING NITRILO;2;S/. 1.00;;1
348;1;ORING 2X21;ORING NITRILO;2;S/. 1.00;;1
349;1;2X22X26 ORINGNITRILO N/70;ORING NITRILO;2;S/. 1.00;;1
350;1;ORING 2X23;ORING NITRILO;2;S/. 1.00;;1
351;1;ORING 2X24;ORING NITRILO;2;S/. 1.00;;1
352;1;ORING 2X25;ORING NITRILO;2;S/. 2.00;;1
353;1;ORING 2X26;ORING NITRILO;2;S/. 2.00;;1
354;1;ORING 2X27;ORING NITRILO;2;S/. 2.00;;1
355;1;ORING 2X28;ORING NITRILO;2;S/. 2.00;;1
356;1;ORING 2X29;ORING NITRILO;2;S/. 2.00;;1
357;1;ORING 2X3;ORING NITRILO;2;S/. 1.00;;1
358;1;ORING 2X30;ORING NITRILO;2;S/. 2.00;;1
359;1;ORING 2X31;ORING NITRILO;2;S/. 2.00;;1
360;1;ORING 2X32;ORING NITRILO;2;S/. 2.00;;1
361;1;ORING 2X33;ORING NITRILO;2;S/. 2.00;;1
362;1;ORING 2X34;ORING NITRILO;2;S/. 2.00;;1
363;1;ORING 2X35;ORING NITRILO;2;S/. 3.00;;1
364;1;ORING 2X36;ORING NITRILO;2;S/. 3.00;;1
365;1;ORING 2X37;ORING NITRILO;2;S/. 3.00;;1
366;1;ORING 2X38;ORING NITRILO;2;S/. 3.00;;1
367;1;ORING 2X39;ORING NITRILO;2;S/. 3.00;;1
368;1;ORING 2X4;ORING NITRILO;2;S/. 1.00;;1
369;1;ORING 2X40;ORING NITRILO;2;S/. 3.00;;1
370;1;ORING 2X41;ORING NITRILO;2;S/. 3.00;;1
371;1;ORING 2X42;ORING NITRILO;2;S/. 3.00;;1
372;1;ORING 2X43;ORING NITRILO;2;S/. 3.00;;1
373;1;ORING 2X44;ORING NITRILO;2;S/. 3.00;;1
374;1;ORING 2X45;ORING NITRILO;2;S/. 3.00;;1
375;1;ORING 2X46;ORING NITRILO;2;S/. 3.00;;1
376;1;ORING 2X47;ORING NITRILO;2;S/. 3.00;;1
377;1;ORING 2X48;ORING NITRILO;2;S/. 3.00;;1
378;1;ORING 2X49;ORING NITRILO;2;S/. 3.00;;1
379;1;ORING 2X5;ORING NITRILO;2;S/. 1.00;;1
380;1;ORING 2X50;ORING NITRILO;2;S/. 3.00;;1
381;1;ORING 2X51;ORING NITRILO;2;S/. 3.00;;1
382;1;ORING 2X52;ORING NITRILO;2;S/. 3.00;;1
383;1;ORING 2X53;ORING NITRILO;2;S/. 3.00;;1
384;1;ORING 2X54;ORING NITRILO;2;S/. 3.00;;1
385;1;ORING 2X55;ORING NITRILO;2;S/. 3.00;;1
386;1;ORING 2X56;ORING NITRILO;2;S/. 3.00;;1
387;1;ORING 2X57;ORING NITRILO;2;S/. 3.00;;1
388;1;ORING 2X58;ORING NITRILO;2;S/. 3.00;;1
389;1;ORING 2X59;ORING NITRILO;2;S/. 3.00;;1
390;1;ORING 2X6;ORING NITRILO;2;S/. 1.00;;1
391;1;ORING 2X60;ORING NITRILO;2;S/. 3.00;;1
392;1;ORING 2X61;ORING NITRILO;2;S/. 4.00;;1
393;1;ORING 2X62;ORING NITRILO;2;S/. 4.00;;1
394;1;ORING 2X63;ORING NITRILO;2;S/. 4.00;;1
395;1;ORING 2X64;ORING NITRILO;2;S/. 4.00;;1
396;1;ORING 2X65;ORING NITRILO;2;S/. 4.00;;1
397;1;ORING 2X66;ORING NITRILO;2;S/. 5.00;;1
398;1;ORING 2X67;ORING NITRILO;2;S/. 5.00;;1
399;1;ORING 2X68;ORING NITRILO;2;S/. 5.00;;1
400;1;ORING 2X69;ORING NITRILO;2;S/. 5.00;;1
401;1;ORING 2X7;ORING NITRILO;2;S/. 1.00;;1
402;1;ORING 2X70;ORING NITRILO;2;S/. 5.00;;1
403;1;ORING 2X71;ORING NITRILO;2;S/. 5.00;;1
404;1;ORING 2X72;ORING NITRILO;2;S/. 5.00;;1
405;1;ORING 2X73;ORING NITRILO;2;S/. 5.00;;1
406;1;ORING 2X74;ORING NITRILO;2;S/. 5.00;;1
407;1;ORING 2X75;ORING NITRILO;2;S/. 6.00;;1
408;1;ORING 2X76;ORING NITRILO;2;S/. 6.00;;1
409;1;ORING 2X77.5;ORING NITRILO;2;S/. 6.00;;1
410;1;ORING 2X79.5;ORING NITRILO;2;S/. 6.00;;1
411;1;ORING 2X8;ORING NITRILO;2;S/. 1.00;;1
412;1;ORING 2X80;ORING NITRILO;2;S/. 6.00;;1
413;1;ORING 2X81;ORING NITRILO;2;S/. 7.00;;1
414;1;ORING 2X82;ORING NITRILO;2;S/. 7.00;;1
415;1;ORING 2X83;ORING NITRILO;2;S/. 7.00;;1
416;1;ORING 2X84;ORING NITRILO;2;S/. 7.00;;1
417;1;ORING 2X85;ORING NITRILO;2;S/. 7.00;;1
418;1;ORING 2X86;ORING NITRILO;2;S/. 7.00;;1
419;1;ORING 2X9;ORING NITRILO;2;S/. 1.00;;1
420;1;ORING 2X90;ORING NITRILO;2;S/. 8.00;;1
421;1;ORING 2X91;ORING NITRILO;2;S/. 8.00;;1
422;1;ORING 2X92;ORING NITRILO;2;S/. 8.00;;1
423;1;ORING 2X94.5;ORING NITRILO;2;S/. 8.00;;1
424;1;ORING 2X96;ORING NITRILO;2;S/. 8.00;;1
425;1;ORING 2X100;ORING NITRILO;2;S/. 8.00;;1
426;1;ORING 3X10X16;ORING NITRILO;2;S/. 1.00;;1
427;1;ORING 3X12X18;ORING NITRILO;2;S/. 1.00;;1
428;1;ORING 3X14X20;ORING NITRILO;2;S/. 0.00;;1
429;1;ORING 3X15X21;vuejs;2;S/. 0.00;;1
430;1;ORING 3X16X22;react;2;S/. 0.00;;1
431;1;ORING 3X17X23;angular;2;S/. 0.00;;1
432;1;ORING 3X18X24;springboot;2;S/. 0.00;;1
433;1;ORING 3X19X25;sass;2;S/. 0.00;;1
434;1;ORING 3X20X26;html;2;S/. 0.00;;1
435;1;ORING 3X21;css;2;S/. 0.00;;1
436;1;ORING 3X25;jquery;2;S/. 0.00;;1
437;1;ORING 3X26;ajax;2;S/. 0.00;;1
438;1;ORING 3X27;python;2;S/. 0.00;;1
439;1;ORING 3X28;ruby;2;S/. 0.00;;1
440;1;ORING 3X30;flexbox;2;S/. 0.00;;1
441;1;ORING 3X33;bootstrap;2;S/. 0.00;;1
442;1;ORING 3X35;laravel;2;S/. 0.00;;1
443;1;ORING 3X36;php;2;S/. 0.00;;1
444;1;ORING 3X37;composer;2;S/. 0.00;;1
445;1;ORING 3X38;node;2;S/. 0.00;;1
446;1;ORING 3X39;javascript;2;S/. 0.00;;1
447;1;ORING 3X40;vuejs;2;S/. 0.00;;1
448;1;ORING 3X42;react;2;S/. 0.00;;1
449;1;ORING 3X43;angular;2;S/. 0.00;;1
450;1;ORING 3X44;springboot;2;S/. 0.00;;1
451;1;ORING 3X46;sass;2;S/. 0.00;;1
452;1;ORING 3X47;html;2;S/. 0.00;;1
453;1;ORING 3X48;css;2;S/. 0.00;;1
454;1;ORING 3X49;jquery;2;S/. 0.00;;1
455;1;ORING 3X52;ajax;2;S/. 0.00;;1
456;1;ORING 3X53;python;2;S/. 0.00;;1
457;1;ORING 3X60;ruby;2;S/. 0.00;;1
458;1;ORING 3X62;flexbox;2;S/. 0.00;;1
459;1;ORING 3X63;bootstrap;2;S/. 0.00;;1
460;1;ORING 3X64;laravel;2;S/. 0.00;;1
461;1;ORING 3X65;php;2;S/. 0.00;;1
462;1;ORING 3X69;composer;2;S/. 0.00;;1
463;1;ORING 3X70;node;2;S/. 0.00;;1
464;1;ORING 3X72;javascript;2;S/. 0.00;;1
465;1;ORING 3X73;vuejs;2;S/. 0.00;;1
466;1;ORING 3X74;react;2;S/. 0.00;;1
467;1;ORING 3X75;angular;2;S/. 0.00;;1
468;1;ORING 3X76;springboot;2;S/. 0.00;;1
469;1;ORING 3X77;sass;2;S/. 0.00;;1
470;1;ORING 3X78;html;2;S/. 0.00;;1
471;1;ORING 3X79;css;2;S/. 0.00;;1
472;1;ORING 3X80;jquery;2;S/. 0.00;;1
473;1;ORING 3X82;ajax;2;S/. 0.00;;1
474;1;ORING 3X83;python;2;S/. 0.00;;1
475;1;ORING 3X84;ruby;2;S/. 0.00;;1
476;1;ORING 3X85;flexbox;2;S/. 0.00;;1
477;1;ORING 3X88;bootstrap;2;S/. 0.00;;1
478;1;ORING 3X92;laravel;2;S/. 0.00;;1
479;1;ORING 3X94;php;2;S/. 0.00;;1
480;1;ORING 3X95;composer;2;S/. 0.00;;1
481;1;ORING 3X98;node;2;S/. 0.00;;1
482;1;ORING 3X99;javascript;2;S/. 0.00;;1
483;1;ORING 3X100;vuejs;2;S/. 0.00;;1
484;1;ORING 4X10X18;react;2;S/. 0.00;;1
485;1;ORING 4X12X20;angular;2;S/. 0.00;;1
486;1;ORING 4X14X22;springboot;2;S/. 0.00;;1
487;1;ORING 4X18X24;sass;2;S/. 0.00;;1
488;1;ORING 4X20X28;html;2;S/. 0.00;;1
489;1;ORING 4X22X30;css;2;S/. 0.00;;1
490;1;ORING 4X24X32;jquery;2;S/. 0.00;;1
491;1;ORING 4X26X34;ajax;2;S/. 0.00;;1
492;1;ORING 4X28X36;python;2;S/. 0.00;;1
493;1;ORING 4X30X38;ruby;2;S/. 0.00;;1
494;1;ORING 4X34X42;flexbox;2;S/. 0.00;;1
495;1;ORING 4X36X44;bootstrap;2;S/. 0.00;;1
496;1;ORING 4X38X46;laravel;2;S/. 0.00;;1
497;1;ORING 4X40X48;php;2;S/. 0.00;;1
498;1;ORING 4X42X50;composer;2;S/. 0.00;;1
499;1;ORING 4X44X52;node;2;S/. 0.00;;1
500;1;ORING 4X48X56;javascript;2;S/. 0.00;;1
501;1;ORING 4X50X58;vuejs;2;S/. 0.00;;1
502;1;ORING 4X52X60;react;2;S/. 0.00;;1
503;1;ORING 4X54X62;angular;2;S/. 0.00;;1
504;1;ORING 4X56X64;springboot;2;S/. 0.00;;1
505;1;ORING 4X63X67;sass;2;S/. 0.00;;1
506;1;ORING 4X68X76;html;2;S/. 0.00;;1
507;1;ORING 4X70X78;css;2;S/. 0.00;;1
508;1;ORING 4X78X82;jquery;2;S/. 0.00;;1
509;1;ORING 4X79X83;ajax;2;S/. 0.00;;1
510;1;ORING 4X82X90;python;2;S/. 0.00;;1
511;1;ORING 4X83X91;ruby;2;S/. 0.00;;1
512;1;ORING 4X84X92;flexbox;2;S/. 0.00;;1
513;1;ORING 4X85X93;bootstrap;2;S/. 0.00;;1
514;1;ORING 4X87X95;laravel;2;S/. 0.00;;1
515;1;ORING 4X92X100;php;2;S/. 0.00;;1
516;1;ORING 4X95X103;composer;2;S/. 0.00;;1
517;1;ORING 4X98X106;node;2;S/. 0.00;;1
518;1;ORING 4X100X108;javascript;2;S/. 0.00;;1
519;1;ORING 4X100X108;vuejs;2;S/. 0.00;;1
520;1;ORING 4X101X109;react;2;S/. 0.00;;1
521;1;ORING 4X105X113;angular;2;S/. 0.00;;1
522;1;ORING 4X108X116;springboot;2;S/. 0.00;;1
523;1;ORING 4X109X117;sass;2;S/. 0.00;;1
524;1;ORING 4X110X118;html;2;S/. 0.00;;1
525;1;ORING 4X118X126;css;2;S/. 0.00;;1
526;1;ORING 4X119X127;jquery;2;S/. 0.00;;1
527;1;ORING 4X120X128;ajax;2;S/. 0.00;;1
528;1;ORING 4X124X132;python;2;S/. 0.00;;1
529;1;ORING 4X127X136;ruby;2;S/. 0.00;;1
530;1;ORING 4X128X137;flexbox;2;S/. 0.00;;1
531;1;ORING 4X130X138;bootstrap;2;S/. 0.00;;1
532;1;ORING 4X132X140;laravel;2;S/. 0.00;;1
533;1;ORING 4X138X146;php;2;S/. 0.00;;1
534;1;ORING 4X142X150;composer;2;S/. 0.00;;1
535;1;ORING 4X144X148;node;2;S/. 0.00;;1
536;1;ORING 4X150X158;javascript;2;S/. 0.00;;1
537;1;ORING 4X157X165;vuejs;2;S/. 0.00;;1
538;1;ORING 4X162X170;react;2;S/. 0.00;;1
539;1;ORING 4X168X176;angular;2;S/. 0.00;;1
540;1;ORING 4X174X182;springboot;2;S/. 0.00;;1
541;1;ORING 4X180X188;sass;2;S/. 0.00;;1
542;1;ORING 4X182X190;html;2;S/. 0.00;;1
543;1;ORING 4X187X195;css;2;S/. 0.00;;1
544;1;ORING 4X192X200;jquery;2;S/. 0.00;;1
545;1;ORING 4X194X202;ajax;2;S/. 0.00;;1
546;1;ORING 4X196X204;python;2;S/. 0.00;;1
547;1;ORING 4X198;ruby;2;S/. 0.00;;1
548;1;ORING 4X202X210;flexbox;2;S/. 0.00;;1
549;1;ORING 4X207X215;bootstrap;2;S/. 0.00;;1
550;1;PS 10+2.2;laravel;2;S/. 0.00;;1
551;1;PS 12+3.2;php;2;S/. 0.00;;1
552;1;PS 14+3.2;composer;2;S/. 0.00;;1
553;1;PS 15+3.2;node;2;S/. 0.00;;1
554;1;PS 15+3.5;javascript;2;S/. 0.00;;1
555;1;PS 15+3.5;vuejs;2;S/. 0.00;;1
556;1;PS 16+3.2;react;2;S/. 0.00;;1
557;1;PS 18+3.2;angular;2;S/. 0.00;;1
558;1;PS 19.5+4.2;springboot;2;S/. 0.00;;1
559;1;PS 20+3.2;sass;2;S/. 0.00;;1
560;1;PS 20+4.2;html;2;S/. 0.00;;1
561;1;PS 22+3.2;css;2;S/. 0.00;;1
562;1;PS 22+3.2;jquery;2;S/. 0.00;;1
563;1;PS 25+3.2;ajax;2;S/. 0.00;;1
564;1;PS 25+3.2;python;2;S/. 0.00;;1
565;1;PS 25+4.2;ruby;2;S/. 0.00;;1
566;1;PS 25+4.2;flexbox;2;S/. 0.00;;1
567;1;PS 28+3.2;bootstrap;2;S/. 0.00;;1
568;1;PS 28+4.2;laravel;2;S/. 0.00;;1
569;1;PS 30+3.2;php;2;S/. 0.00;;1
570;1;PS 30+3.2;composer;2;S/. 0.00;;1
571;1;PS 30+4.2;node;2;S/. 0.00;;1
572;1;PS 32+3.2;javascript;2;S/. 0.00;;1
573;1;PS 32+4.2;vuejs;2;S/. 0.00;;1
574;1;PS 35+2.2;react;2;S/. 0.00;;1
575;1;PS 35+3.2;angular;2;S/. 0.00;;1
576;1;PS 35+3.2;springboot;2;S/. 0.00;;1
577;1;PS 36+3.2;sass;2;S/. 0.00;;1
578;1;PS 38+4.2;html;2;S/. 0.00;;1
579;1;PS 38+6.3;css;2;S/. 0.00;;1
580;1;PS 40+4.2;jquery;2;S/. 0.00;;1
581;1;PS 40+4.2;ajax;2;S/. 0.00;;1
582;1;PS 40+6.3;python;2;S/. 0.00;;1
583;1;PS 42+4.2;ruby;2;S/. 0.00;;1
584;1;PS 42+6.3;flexbox;2;S/. 0.00;;1
585;1;PS 45+4.2;bootstrap;2;S/. 0.00;;1
586;1;PS 48+4.2;laravel;2;S/. 0.00;;1
587;1;PS 50+6.3;php;2;S/. 0.00;;1
588;1;PS 55+4.2;composer;2;S/. 0.00;;1
589;1;PS 55+6.3;node;2;S/. 0.00;;1
590;1;PS 60+3.3;javascript;2;S/. 0.00;;1
591;1;PS 60+4.2;vuejs;2;S/. 0.00;;1
592;1;PS 60+6.3;react;2;S/. 0.00;;1
593;1;PS 63+4.2;angular;2;S/. 0.00;;1
594;1;PS 63+4.2;springboot;2;S/. 0.00;;1
595;1;PS 63+6.3;sass;2;S/. 0.00;;1
596;1;PS 65+4.2;html;2;S/. 0.00;;1
597;1;PS 65+4.2;css;2;S/. 0.00;;1
598;1;PS 65+6.3;jquery;2;S/. 0.00;;1
599;1;PS 65+6+3;ajax;2;S/. 0.00;;1
600;1;PS 70+4.2;python;2;S/. 0.00;;1
601;1;PS 70+6.3;ruby;2;S/. 0.00;;1
602;1;PS 75+4.2;flexbox;2;S/. 0.00;;1
603;1;PS 75+4.2;bootstrap;2;S/. 0.00;;1
604;1;PS 75+6.3;laravel;2;S/. 0.00;;1
605;1;PS 75+6.3;php;2;S/. 0.00;;1
606;1;PS 8+2.2;composer;2;S/. 0.00;;1
607;1;PS 80+4.2;node;2;S/. 0.00;;1
608;1;PS 80+4.2;javascript;2;S/. 0.00;;1
609;1;PS 80+6.3;vuejs;2;S/. 0.00;;1
610;1;PS 85+6.3;react;2;S/. 0.00;;1
611;1;PS 85+8.1;angular;2;S/. 0.00;;1
612;1;PS 90+4.2;springboot;2;S/. 0.00;;1
613;1;PS 90+6.3;sass;2;S/. 0.00;;1
614;1;PS 90+8.1;html;2;S/. 0.00;;1
615;1;PS 95+4.2;css;2;S/. 0.00;;1
616;1;PS 95+6.3;jquery;2;S/. 0.00;;1
617;1;PS 95+6.3;ajax;2;S/. 0.00;;1
618;1;PS 98+6.3;python;2;S/. 0.00;;1
619;1;PS 100+4.2;ruby;2;S/. 0.00;;1
620;1;PW 10+16+3.5/5;LIMPIADOR HIDRAULICO;2;S/. 15.00;;1
621;1;PW 12+18+4/5;LIMPIADOR HIDRAULICO;2;S/. 18.00;;1
622;1;PW 12+18+5/7;LIMPIADOR HIDRAULICO;2;S/. 18.00;;1
623;1;PW 14+18+2/2.3;LIMPIADOR HIDRAULICO;2;S/. 18.00;;1
624;1;PW 14+20+3.3/5;composer;2;S/. 0.00;;1
625;1;PW 14+20+3.5/5;LIMPIADOR HIDRAULICO;2;S/. 18.00;;1
626;1;PW 16+19+4.3/5;LIMPIADOR HIDRAULICO;2;S/. 18.00;;1
627;1;PW 16+22+3/4;LIMPIADOR HIDRAULICO;2;S/. 18.00;;1
628;1;PW 16+24+5/7;LIMPIADOR HIDRAULICO;2;S/. 20.00;;1
629;1;PW 18+24+3/4;LIMPIADOR HIDRAULICO;2;S/. 20.00;;1
630;1;PW 18+24+6.3/5.3;LIMPIADOR HIDRAULICO;2;S/. 20.00;;1
631;1;PW 18+26+5/7;LIMPIADOR HIDRAULICO;2;S/. 20.00;;1
632;1;PW 18+30+5/7;LIMPIADOR HIDRAULICO;2;S/. 25.00;;1
633;1;PW 19+26+2.5/4;LIMPIADOR HIDRAULICO;2;S/. 20.00;;1
634;1;PW 19+28+5/7;LIMPIADOR HIDRAULICO;2;S/. 20.00;;1
635;1;PW 20+28+5/7;LIMPIADOR HIDRAULICO;2;S/. 25.00;;1
636;1;PW 20+28+6;LIMPIADOR HIDRAULICO;2;S/. 25.00;;1
637;1;PW 20+30.5+5.3;ruby;2;S/. 0.00;;1
638;1;PW 20+30+5/7;LIMPIADOR HIDRAULICO;2;S/. 25.00;;1
639;1;PW 22+30+5/7;LIMPIADOR HIDRAULICO;2;S/. 25.00;;1
640;1;PW 24+ 32+5/7;laravel;2;S/. 0.00;;1
641;1;PW 24+32+5/7;LIMPIADOR HIDRAULICO;2;S/. 25.00;;1
642;1;PW 25+30+4.5/6.5;LIMPIADOR HIDRAULICO;2;S/. 25.00;;1
643;1;PW 25+33+3/5;LIMPIADOR HIDRAULICO;2;S/. 25.00;;1
644;1;PW 25+33+5/7;LIMPIADOR HIDRAULICO;2;S/. 25.00;;1
645;1;PW 27+35+7/5;LIMPIADOR HIDRAULICO;2;S/. 25.00;;1
646;1;PW 28+32+2.4/4.2;LIMPIADOR HIDRAULICO;2;S/. 18.00;;1
647;1;PW 28+36+5/7;LIMPIADOR HIDRAULICO;2;S/. 30.00;;1
648;1;PW 28+38+5/7;LIMPIADOR HIDRAULICO;2;S/. 25.00;;1
649;1;PW 30+45+5/8;LIMPIADOR HIDRAULICO;2;S/. 30.00;;1
650;1;PW 32+40+3.5/6;LIMPIADOR HIDRAULICO;2;S/. 30.00;;1
651;1;PW 32+40+5/7;LIMPIADOR HIDRAULICO;2;S/. 30.00;;1
652;1;PW 33+42+5/7;LIMPIADOR HIDRAULICO;2;S/. 30.00;;1
653;1;PW 34.92+44.45+5.15/6.73;LIMPIADOR HIDRAULICO;2;S/. 30.00;;1
654;1;PW 35+43+5/7;LIMPIADOR HIDRAULICO;2;S/. 30.00;;1
655;1;PW 36+44+5/7;ruby;2;S/. 0.00;;1
656;1;PW 36+48+5/7;LIMPIADOR HIDRAULICO;2;S/. 30.00;;1
657;1;PW 38+44+5/7;LIMPIADOR HIDRAULICO;2;S/. 30.00;;1
658;1;PW 38+46+2.5/4;LIMPIADOR HIDRAULICO;2;S/. 30.00;;1
659;1;PW 38+46+5/7;LIMPIADOR HIDRAULICO;2;S/. 30.00;;1
660;1;PW 40+48+5/6.5;LIMPIADOR HIDRAULICO;2;S/. 30.00;;1
661;1;PW 40+48+5/7;LIMPIADOR HIDRAULICO;2;S/. 30.00;;1
662;1;PW 40+50+5/7;LIMPIADOR HIDRAULICO;2;S/. 30.00;;1
663;1;PW 42+50+5/7;LIMPIADOR HIDRAULICO;2;S/. 30.00;;1
664;1;PW 45+53+5/7;LIMPIADOR HIDRAULICO;2;S/. 35.00;;1
665;1;PW 45+55+5/7;LIMPIADOR HIDRAULICO;2;S/. 35.00;;1
666;1;PW 48+54+5/7;LIMPIADOR HIDRAULICO;2;S/. 35.00;;1
667;1;PW 50.8+56.47+2.2/4.7;LIMPIADOR HIDRAULICO;2;S/. 35.00;;1
668;1;PW 50+50+5/7;LIMPIADOR HIDRAULICO;2;S/. 35.00;;1
669;1;PW 50+58+5/7;LIMPIADOR HIDRAULICO;2;S/. 30.00;;1
670;1;PW 50+60+5/7;LIMPIADOR HIDRAULICO;2;S/. 35.00;;1
671;1;PW 50+65+7/2;LIMPIADOR HIDRAULICO;2;S/. 45.00;;1
672;1;PW 55+63+5/7;LIMPIADOR HIDRAULICO;2;S/. 35.00;;1
673;1;PW 55+65+5/7;LIMPIADOR HIDRAULICO;2;S/. 40.00;;1
674;1;PW 56+64+5/7;LIMPIADOR HIDRAULICO;2;S/. 40.00;;1
675;1;PW 56+66+5/7;LIMPIADOR HIDRAULICO;2;S/. 40.00;;1
676;1;PW 58+68+5/7;LIMPIADOR HIDRAULICO;2;S/. 40.00;;1
677;1;PW 60+68+5/7;LIMPIADOR HIDRAULICO;2;S/. 40.00;;1
678;1;PW 60+70+5/7;composer;2;S/. 0.00;;1
679;1;PW 63+71+5/7;LIMPIADOR HIDRAULICO;2;S/. 40.00;;1
680;1;PW 63+73+5/7;LIMPIADOR HIDRAULICO;2;S/. 40.00;;1
681;1;PW 65+73+5/7;LIMPIADOR HIDRAULICO;2;S/. 45.00;;1
682;1;PW 65+75+5/7;LIMPIADOR HIDRAULICO;2;S/. 40.00;;1
683;1;PW 67+75+5/6.5;springboot;2;S/. 0.00;;1
684;1;PW 70+78+5/7;LIMPIADOR HIDRAULICO;2;S/. 45.00;;1
685;1;PW 70+80+5/7;LIMPIADOR HIDRAULICO;2;S/. 45.00;;1
686;1;PW 70+80+5/8;LIMPIADOR HIDRAULICO;2;S/. 45.00;;1
687;1;PW 70+82+7/12;LIMPIADOR HIDRAULICO;2;S/. 45.00;;1
688;1;PW 70+88+5/7;LIMPIADOR HIDRAULICO;2;S/. 45.00;;1
689;1;PW 73+81+5/7;LIMPIADOR HIDRAULICO;2;S/. 45.00;;1
690;1;PW 8+14+3.5/4.5;LIMPIADOR HIDRAULICO;2;S/. 15.00;;1
691;1;PW 80+90+5/7;LIMPIADOR HIDRAULICO;2;S/. 50.00;;1
692;1;PW 80+92+7/12;LIMPIADOR HIDRAULICO;2;S/. 50.00;;1
693;1;PW 80+93+7/9.5;LIMPIADOR HIDRAULICO;2;S/. 50.00;;1
694;1;PW 85+93+5/7;LIMPIADOR HIDRAULICO;2;S/. 55.00;;1
695;1;PW 90+102+12/7;LIMPIADOR HIDRAULICO;2;S/. 60.00;;1
696;1;PW 90+98+5/7;LIMPIADOR HIDRAULICO;2;S/. 55.00;;1
697;1;PW 95+107+7/12;LIMPIADOR HIDRAULICO;2;S/. 60.00;;1
698;1;PW 95+97+7/12;vuejs;2;S/. 0.00;;1
699;1;PW 100+112+7/10;LIMPIADOR HIDRAULICO;2;S/. 65.00;;1
700;1;RB 10+19+7/7.5;RETEN DE BOMBA HIDRAULICA;2;S/. 20.00;;1
701;1;RB 10+20+6/6.5;RETEN DE BOMBA HIDRAULICA;2;S/. 20.00;;1
702;1;RB 10+22+6/6.5;RETEN DE BOMBA HIDRAULICA;2;S/. 20.00;;1
703;1;RB 10+26+7/7.5;RETEN DE BOMBA HIDRAULICA;2;S/. 20.00;;1
704;1;RB 12.7+25.4+6.3/6;RETEN DE BOMBA HIDRAULICA;2;S/. 20.00;;1
705;1;RB 12+26+7;RETEN DE BOMBA HIDRAULICA;2;S/. 20.00;;1
706;1;RB 12+28+7/7.5;RETEN DE BOMBA HIDRAULICA;2;S/. 20.00;;1
707;1;RB 14+22+6/6.5;RETEN DE BOMBA HIDRAULICA;2;S/. 20.00;;1
708;1;RB 14+25+7/7.5;RETEN DE BOMBA HIDRAULICA;2;S/. 20.00;;1
709;1;RB 15+30+7/7.5;RETEN DE BOMBA HIDRAULICA;2;S/. 22.00;;1
710;1;RB 15+32+7;RETEN DE BOMBA HIDRAULICA;2;S/. 22.00;;1
711;1;RB 15+35+7/7.5;RETEN DE BOMBA HIDRAULICA;2;S/. 25.00;;1
712;1;RB 17.48+28.58+6.3/7;RETEN DE BOMBA HIDRAULICA;2;S/. 20.00;;1
713;1;RB 17+28+5/5.5;RETEN DE BOMBA HIDRAULICA;2;S/. 20.00;;1
714;1;RB 17+28+7/7.5;RETEN DE BOMBA HIDRAULICA;2;S/. 20.00;;1
715;1;RB 17+30+7/7.5;RETEN DE BOMBA HIDRAULICA;2;S/. 25.00;;1
716;1;RB 18+35+7/7.5;RETEN DE BOMBA HIDRAULICA;2;S/. 25.00;;1
717;1;RB 19.5+31.75+6.35/6.8;RETEN DE BOMBA HIDRAULICA;2;S/. 25.00;;1
718;1;RB 19.5+44.45+9.5/10.4;RETEN DE BOMBA HIDRAULICA;2;S/. 30.00;;1
719;1;RB 19+32+7/7.5;RETEN DE BOMBA HIDRAULICA;2;S/. 0.00;;1
720;1;RB 19+35+6;RETEN DE BOMBA HIDRAULICA;2;S/. 25.00;;1
721;1;RB 19+35+7/7.5;RETEN DE BOMBA HIDRAULICA;2;S/. 25.00;;1
722;1;RB 20.65+41.28+6.35/6;RETEN DE BOMBA HIDRAULICA;2;S/. 30.00;;1
723;1;RB 20.65+41.28+6.35/6.85;RETEN DE BOMBA HIDRAULICA;2;S/. 25.00;;1
724;1;RB 20+30+6/6.5;RETEN DE BOMBA HIDRAULICA;2;S/. 22.00;;1
725;1;RB 20+32+6/6.5;RETEN DE BOMBA HIDRAULICA;2;S/. 25.00;;1
726;1;RB 20+35+6/6.5;RETEN DE BOMBA HIDRAULICA;2;S/. 25.00;;1
727;1;RB 20+37+7/7.5;RETEN DE BOMBA HIDRAULICA;2;S/. 25.00;;1
728;1;RB 20+40+7/7.5;RETEN DE BOMBA HIDRAULICA;2;S/. 30.00;;1
729;1;RB 20+42+7/7.5;RETEN DE BOMBA HIDRAULICA;2;S/. 30.00;;1
730;1;RB 20+47+7/7.5;RETEN DE BOMBA HIDRAULICA;2;S/. 30.00;;1
731;1;RB 12.7+22.2+6.3;RETEN DE BOMBA HIDRAULICA;2;S/. 20.00;;1
732;1;RB 22.23.34.92+6.3/6.8;javascript;2;S/. 0.00;;1
733;1;RB 22.23+38.1+6.35/7;RETEN DE BOMBA HIDRAULICA;2;S/. 25.00;;1
734;1;RB 22+32+6/6.5;RETEN DE BOMBA HIDRAULICA;2;S/. 25.00;;1
735;1;RB 22+34+7/5;RETEN DE BOMBA HIDRAULICA;2;S/. 25.00;;1
736;1;RB 22+36+12;springboot;2;S/. 0.00;;1
737;1;RB 22+36+7;RETEN DE BOMBA HIDRAULICA;2;S/. 30.00;;1
738;1;RB 22+38+6/6.5;RETEN DE BOMBA HIDRAULICA;2;S/. 30.00;;1
739;1;RB 22+40+7/7.5;RETEN DE BOMBA HIDRAULICA;2;S/. 25.00;;1
740;1;RB 22+42+11/11.5;RETEN DE BOMBA HIDRAULICA;2;S/. 30.00;;1
741;1;RB 24+47+7/7.5;RETEN DE BOMBA HIDRAULICA;2;S/. 30.00;;1
742;1;RB 25.4+34.92+6.35/7.1;RETEN DE BOMBA HIDRAULICA;2;S/. 25.00;;1
743;1;RB 25.4+41.28+6.35/6.85;RETEN DE BOMBA HIDRAULICA;2;S/. 30.00;;1
744;1;RB 25.4+41.28+7.9/8.74;RETEN DE BOMBA HIDRAULICA;2;S/. 30.00;;1
745;1;RB 25+40+7/7.5;RETEN DE BOMBA HIDRAULICA;2;S/. 30.00;;1
746;1;RB 25+45+11/11.5;RETEN DE BOMBA HIDRAULICA;2;S/. 30.00;;1
747;1;RB 25+45+7/7.5;RETEN DE BOMBA HIDRAULICA;2;S/. 30.00;;1
748;1;RB 25+47+6/6.5;RETEN DE BOMBA HIDRAULICA;2;S/. 30.00;;1
749;1;RB 25+52+7/7.5;RETEN DE BOMBA HIDRAULICA;2;S/. 35.00;;1
750;1;RB 26+37+7/7.5;RETEN DE BOMBA HIDRAULICA;2;S/. 30.00;;1
751;1;RB 27+35+7/7.5;RETEN DE BOMBA HIDRAULICA;2;S/. 25.00;;1
752;1;RB 28.58+42.88+6.38/7.53;RETEN DE BOMBA HIDRAULICA;2;S/. 30.00;;1
753;1;RB 28.58+50.8+6.35/7;RETEN DE BOMBA HIDRAULICA;2;S/. 35.00;;1
754;1;RB 28+37+7/7.5;RETEN DE BOMBA HIDRAULICA;2;S/. 25.00;;1
755;1;RB 28+38+7/7.5;RETEN DE BOMBA HIDRAULICA;2;S/. 25.00;;1
756;1;RB 28+40+6/6.5;RETEN DE BOMBA HIDRAULICA;2;S/. 30.00;;1
757;1;RB 28+42+6/6.5;RETEN DE BOMBA HIDRAULICA;2;S/. 30.00;;1
758;1;RB 30+40+6/6.5;RETEN DE BOMBA HIDRAULICA;2;S/. 30.00;;1
759;1;RB 30+52+10/11;RETEN DE BOMBA HIDRAULICA;2;S/. 35.00;;1
760;1;RB 30+52+7/7.5;RETEN DE BOMBA HIDRAULICA;2;S/. 30.00;;1
761;1;RB 31.7+44.45+6.3/6.8;RETEN DE BOMBA HIDRAULICA;2;S/. 30.00;;1
762;1;RB 31.75+44.45+6.35/6.85;RETEN DE BOMBA HIDRAULICA;2;S/. 35.00;;1
763;1;RB 31.75+50.8+7/7.5;RETEN DE BOMBA HIDRAULICA;2;S/. 35.00;;1
764;1;RB 32+42+7/7.5;RETEN DE BOMBA HIDRAULICA;2;S/. 35.00;;1
765;1;RB 32+44+7/7.5;RETEN DE BOMBA HIDRAULICA;2;S/. 35.00;;1
766;1;RB 32+45+7/7.5;RETEN DE BOMBA HIDRAULICA;2;S/. 35.00;;1
767;1;RB 32+47+6/6.5;RETEN DE BOMBA HIDRAULICA;2;S/. 35.00;;1
768;1;RB 32+50+7/7.5;RETEN DE BOMBA HIDRAULICA;2;S/. 35.00;;1
769;1;RB 35+45+7/7.5;RETEN DE BOMBA HIDRAULICA;2;S/. 0.00;;1
770;1;RB 35+48+5/5.5;RETEN DE BOMBA HIDRAULICA;2;S/. 40.00;;1
771;1;RB 35+50+7/7.5;RETEN DE BOMBA HIDRAULICA;2;S/. 0.00;;1
772;1;RB 35+52+7/7.5;RETEN DE BOMBA HIDRAULICA;2;S/. 40.00;;1
773;1;RB 35+54+6/6.5;RETEN DE BOMBA HIDRAULICA;2;S/. 35.00;;1
774;1;RB 35+55+7/8;RETEN DE BOMBA HIDRAULICA;2;S/. 45.00;;1
775;1;RB 35+57+8/8.5;RETEN DE BOMBA HIDRAULICA;2;S/. 35.00;;1
776;1;RB 36.5+50.8+7.9+8.7;RETEN DE BOMBA HIDRAULICA;2;S/. 0.00;;1
777;1;RB 38.1+57.15+7.95/9.12;RETEN DE BOMBA HIDRAULICA;2;S/. 40.00;;1
778;1;RB 38+52+7/7.5;python;2;S/. 0.00;;1
779;1;RB 40+52+11/11.5;RETEN DE BOMBA HIDRAULICA;2;S/. 45.00;;1
780;1;RB 40+52+7/7.5;RETEN DE BOMBA HIDRAULICA;2;S/. 40.00;;1
781;1;RB 40+55+7/7.5;RETEN DE BOMBA HIDRAULICA;2;S/. 40.00;;1
782;1;RB 40+56+6/6.5;RETEN DE BOMBA HIDRAULICA;2;S/. 40.00;;1
783;1;RB 40+60+7/7.5;RETEN DE BOMBA HIDRAULICA;2;S/. 45.00;;1
784;1;RB 40+62+11;RETEN DE BOMBA HIDRAULICA;2;S/. 55.00;;1
785;1;RB 40+62+7/7.5;RETEN DE BOMBA HIDRAULICA;2;S/. 45.00;;1
786;1;RB 40+70+5;RETEN DE BOMBA HIDRAULICA;2;S/. 50.00;;1
787;1;RB 40+80+7/7.5;RETEN DE BOMBA HIDRAULICA;2;S/. 50.00;;1
788;1;RB 42+65+12;RETEN DE BOMBA HIDRAULICA;2;S/. 50.00;;1
789;1;RB 42+72+6/6.5;RETEN DE BOMBA HIDRAULICA;2;S/. 50.00;;1
790;1;RB 45+58+6/6.5;RETEN DE BOMBA HIDRAULICA;2;S/. 45.00;;1
791;1;RB 45+60+8/8.5;RETEN DE BOMBA HIDRAULICA;2;S/. 45.00;;1
792;1;RB 45+62+7.7;RETEN DE BOMBA HIDRAULICA;2;S/. 50.00;;1
793;1;RB 45+65+7/7.5;RETEN DE BOMBA HIDRAULICA;2;S/. 45.00;;1
794;1;RB 45+68+12;RETEN DE BOMBA HIDRAULICA;2;S/. 55.00;;1
795;1;RB 45+80+7/7.5;RETEN DE BOMBA HIDRAULICA;2;S/. 55.00;;1
796;1;RB 48+62+9/9.5;RETEN DE BOMBA HIDRAULICA;2;S/. 50.00;;1
797;1;RB 48+70+12/13;RETEN DE BOMBA HIDRAULICA;2;S/. 50.00;;1
798;1;RB 49+68.2+8/8.5;RETEN DE BOMBA HIDRAULICA;2;S/. 50.00;;1
799;1;RB 50+62+7/7.5;RETEN DE BOMBA HIDRAULICA;2;S/. 45.00;;1
800;1;RB 50+65+7/7.5;RETEN DE BOMBA HIDRAULICA;2;S/. 55.00;;1
801;1;RB 50+68+7/7.5;RETEN DE BOMBA HIDRAULICA;2;S/. 50.00;;1
802;1;RB 50+70+10/11;RETEN DE BOMBA HIDRAULICA;2;S/. 60.00;;1
803;1;RB 50+72+7/7.5;RETEN DE BOMBA HIDRAULICA;2;S/. 55.00;;1
804;1;RB 50+8+8/8.5;javascript;2;S/. 0.00;;1
805;1;RB 52+72+7/7.5;RETEN DE BOMBA HIDRAULICA;2;S/. 55.00;;1
806;1;RB 55+68+7/7.5;RETEN DE BOMBA HIDRAULICA;2;S/. 60.00;;1
807;1;RB 55+70+7/7.5;RETEN DE BOMBA HIDRAULICA;2;S/. 50.00;;1
808;1;RB 55+72+7/7.5;RETEN DE BOMBA HIDRAULICA;2;S/. 60.00;;1
809;1;RB 55+75+12/12.5;RETEN DE BOMBA HIDRAULICA;2;S/. 60.00;;1
810;1;RB 55+78+12/13;RETEN DE BOMBA HIDRAULICA;2;S/. 55.00;;1
811;1;RB 55+80+8;RETEN DE BOMBA HIDRAULICA;2;S/. 60.00;;1
812;1;RB 55+90+5/7.5;RETEN DE BOMBA HIDRAULICA;2;S/. 65.00;;1
813;1;RB 56+72+8/8.5;RETEN DE BOMBA HIDRAULICA;2;S/. 55.00;;1
814;1;RB 57+75+7.5/7.5;RETEN DE BOMBA HIDRAULICA;2;S/. 55.00;;1
815;1;RB 58+80+9;RETEN DE BOMBA HIDRAULICA;2;S/. 65.00;;1
816;1;RB 60+75+8/9;RETEN DE BOMBA HIDRAULICA;2;S/. 70.00;;1
817;1;RB 60+90+7/7.5;RETEN DE BOMBA HIDRAULICA;2;S/. 75.00;;1
818;1;RH 4+10+7;RETEN;2;S/. 15.00;;1
819;1;RH 4+12+4;RETEN;2;S/. 15.00;;1
820;1;RH 5+14+6;RETEN;2;S/. 15.00;;1
821;1;RH 5+12+6;RETEN;2;S/. 15.00;;1
822;1;RH 5+12+8;RETEN;2;S/. 15.00;;1
823;1;RH 5+14+4.5;RETEN;2;S/. 15.00;;1
824;1;RH 5+12+8;RETEN;2;S/. 15.00;;1
825;1;RH 5+12+6;RETEN;2;S/. 15.00;;1
826;1;RH 6+12+5;RETEN;2;S/. 15.00;;1
827;1;RH 6+12+5.5;RETEN;2;S/. 15.00;;1
828;1;RH 6+13.5+5;RETEN;2;S/. 15.00;;1
829;1;RH 6+13+5;RETEN;2;S/. 15.00;;1
830;1;RH 7.1+17.1+8;RETEN;2;S/. 20.00;;1
831;1;RH 8+14+4.6;RETEN;2;S/. 15.00;;1
832;1;RH 8+14+6;RETEN;2;S/. 15.00;;1
833;1;RH 8+14+8;RETEN;2;S/. 18.00;;1
834;1;RH 8+16+5.7;RETEN;2;S/. 20.00;;1
835;1;RH 8+19+8;RETEN;2;S/. 20.00;;1
836;1;RH 9+16+6;RETEN;2;S/. 18.00;;1
837;1;RH 10+14+4;php;2;S/. 20.00;;1
838;1;RH 10+15+3;RETEN;2;S/. 15.00;;1
839;1;RH 10+16+6;node;2;S/. 0.00;;1
840;1;RH 10+16+6;javascript;2;S/. 0.00;;1
841;1;RH 10+18+8;RETEN;2;S/. 20.00;;1
842;1;RH 10+20+5;RETEN;2;S/. 20.00;;1
843;1;RH 10+20+6;RETEN;2;S/. 22.00;;1
844;1;RH 10+22+5;RETEN;2;S/. 22.00;;1
845;1;RH 10+22+6;RETEN;2;S/. 22.00;;1
846;1;RH 10+22+8;RETEN;2;S/. 22.00;;1
847;1;RH 12.7+19.05+3.18;RETEN;2;S/. 22.00;;1
848;1;RH 12.7+19.05+3/11;RETEN;2;S/. 22.00;;1
849;1;RH 12.7+25.4+6.35;RETEN;2;S/. 22.00;;1
850;1;RH 12.70+22.23+6.35;RETEN;2;S/. 22.00;;1
851;1;RH 12+10+6;ruby;2;S/. 0.00;;1
852;1;RH 12+18+4;RETEN;2;S/. 22.00;;1
853;1;RH 12+18+6;RETEN;2;S/. 22.00;;1
854;1;RH 12+19+5;RETEN;2;S/. 22.00;;1
855;1;RH 12+20+7;RETEN;2;S/. 20.00;;1
856;1;RH 12+22+5;RETEN;2;S/. 22.00;;1
857;1;RH 12+22+6;RETEN;2;S/. 22.00;;1
858;1;RH 12+22+7;RETEN;2;S/. 20.00;;1
859;1;RH 12+22+8;RETEN;2;S/. 25.00;;1
860;1;RH 13/8+15/8+5/32;react;2;S/. 0.00;;1
861;1;RH 14+20+5;RETEN;2;S/. 25.00;;1
862;1;RH 14+20+6;RETEN;2;S/. 25.00;;1
863;1;RH 14+20+8;RETEN;2;S/. 25.00;;1
864;1;RH 14+22+5;RETEN;2;S/. 25.00;;1
865;1;RH 14+24+5;RETEN;2;S/. 25.00;;1
866;1;RH 14+24+8;RETEN;2;S/. 25.00;;1
867;1;RH 14+28+10;RETEN;2;S/. 25.00;;1
868;1;RH 15.8+28.58;RETEN;2;S/. 25.00;;1
869;1;RH 15.88+22.24+4.76;RETEN;2;S/. 22.00;;1
870;1;RH 15.88+25.4+4.76;bootstrap;2;S/. 0.00;;1
871;1;RH 15+22+8;RETEN;2;S/. 25.00;;1
872;1;RH 15+25+6;RETEN;2;S/. 25.00;;1
873;1;RH 16+22+4;RETEN;2;S/. 22.00;;1
874;1;RH 16+22+5;RETEN;2;S/. 22.00;;1
875;1;RH 16+23+7;RETEN;2;S/. 22.00;;1
876;1;RH 16+24+4;RETEN;2;S/. 22.00;;1
877;1;RH 16+24+5;RETEN;2;S/. 22.00;;1
878;1;RH 16+24+6;RETEN;2;S/. 22.00;;1
879;1;RH 16+24+9;RETEN;2;S/. 25.00;;1
880;1;RH 16+25+5;RETEN;2;S/. 22.00;;1
881;1;RH 16+26+5;RETEN;2;S/. 25.00;;1
882;1;RH 16+26+8;RETEN;2;S/. 22.00;;1
883;1;RH 16+28+6;RETEN;2;S/. 22.00;;1
884;1;RH 16+6+5;ruby;2;S/. 0.00;;1
885;1;RH 17+30+6;RETEN;2;S/. 25.00;;1
886;1;RH 18.5+31.74+6.35;RETEN;2;S/. 25.00;;1
887;1;RH 18+20+7;RETEN;2;S/. 22.00;;1
888;1;RH 18+24+4.9;RETEN;2;S/. 25.00;;1
889;1;RH 18+24+5;RETEN;2;S/. 22.00;;1
890;1;RH 18+24+8;RETEN;2;S/. 25.00;;1
891;1;RH 18+26+5;RETEN;2;S/. 22.00;;1
892;1;RH 18+26+6;RETEN;2;S/. 25.00;;1
893;1;RH 18+26+8;RETEN;2;S/. 25.00;;1
894;1;RH 18+28+5;RETEN;2;S/. 25.00;;1
895;1;RH 18+30+8;RETEN;2;S/. 25.00;;1
896;1;RH 19.5+28.58+6.35;RETEN;2;S/. 22.00;;1
897;1;RH 19.5+30.16+6.3;RETEN;2;S/. 22.00;;1
898;1;RH 2 1/4 +2 3/4 +3/8;css;2;S/. 0.00;;1
899;1;RH 2 1/8+2 1/2 +5/16;jquery;2;S/. 0.00;;1
900;1;RH 20+28+4;RETEN;2;S/. 25.00;;1
901;1;RH 20+28+5;RETEN;2;S/. 25.00;;1
902;1;RH 20+28+5/7;RETEN;2;S/. 25.00;;1
903;1;RH 20+28+6;RETEN;2;S/. 25.00;;1
904;1;RH 20+28+7;RETEN;2;S/. 25.00;;1
905;1;RH 20+28+7.2;RETEN;2;S/. 25.00;;1
906;1;RH 20+28+8;RETEN;2;S/. 25.00;;1
907;1;RH 20+30+10;RETEN;2;S/. 25.00;;1
908;1;RH 20+30+6;RETEN;2;S/. 25.00;;1
909;1;RH 20+30+7;RETEN;2;S/. 25.00;;1
910;1;RH 20+31+6;RETEN;2;S/. 25.00;;1
911;1;RH 20+31+8;RETEN;2;S/. 25.00;;1
912;1;RH 20+32+6;RETEN;2;S/. 25.00;;1
913;1;RH 20+33+10;RETEN;2;S/. 30.00;;1
914;1;RH 20+35+7;RETEN;2;S/. 28.00;;1
915;1;RH 20+40+8;RETEN;2;S/. 30.00;;1
916;1;RH 22.22+31.75+6.35;RETEN;2;S/. 25.00;;1
917;1;RH 22+28+8;RETEN;2;S/. 25.00;;1
918;1;RH 22+29+5;RETEN;2;S/. 25.00;;1
919;1;RH 22+30+4;RETEN;2;S/. 25.00;;1
920;1;RH 22+30+5;RETEN;2;S/. 25.00;;1
921;1;RH 22+30+5.7;RETEN;2;S/. 25.00;;1
922;1;RH 22+30+6;RETEN;2;S/. 25.00;;1
923;1;RH 22+30+7;RETEN;2;S/. 25.00;;1
924;1;RH 22+30+8;RETEN;2;S/. 25.00;;1
925;1;RH 22+32+5;RETEN;2;S/. 25.00;;1
926;1;RH 22+32+6;RETEN;2;S/. 25.00;;1
927;1;RH 22+32+7;RETEN;2;S/. 25.00;;1
928;1;RH 22+32+8;RETEN;2;S/. 25.00;;1
929;1;RH 22+35+10;RETEN;2;S/. 30.00;;1
930;1;RH 22+36+9;RETEN;2;S/. 30.00;;1
931;1;RH 22+40+10;RETEN;2;S/. 30.00;;1
932;1;RH 23.81+39.69+7.93;RETEN;2;S/. 30.00;;1
933;1;RH 24+30+6;RETEN;2;S/. 25.00;;1
934;1;RH 24+32+4;RETEN;2;S/. 25.00;;1
935;1;RH 24+34+5;RETEN;2;S/. 22.00;;1
936;1;RH 25.4+31.49+4.7;RETEN;2;S/. 25.00;;1
937;1;RH 25.4+31.7+6.3;angular;2;S/. 0.00;;1
938;1;RH 25.4+31.75+5.89;RETEN;2;S/. 25.00;;1
939;1;RH 25.4+31.75+6.35;sass;2;S/. 0.00;;1
940;1;RH 25.4+38.1+9.53;RETEN;2;S/. 30.00;;1
941;1;RH 25.40+31.75+6.35;RETEN;2;S/. 25.00;;1
942;1;RH 25.40+34.93+7.94;RETEN;2;S/. 25.00;;1
943;1;RH 25+32+5;RETEN;2;S/. 25.00;;1
944;1;RH 25+33+10;RETEN;2;S/. 25.00;;1
945;1;RH 25+33+5.63;ruby;2;S/. 0.00;;1
946;1;RH 25+33+6;RETEN;2;S/. 25.00;;1
947;1;RH 25+33+7;RETEN;2;S/. 25.00;;1
948;1;RH 25+33+8;RETEN;2;S/. 25.00;;1
949;1;RH 25+33+9;node;2;S/. 0.00;;1
950;1;RH 25+35+10;RETEN;2;S/. 30.00;;1
951;1;RH 25+35+5;RETEN;2;S/. 25.00;;1
952;1;RH 25+35+7.3;RETEN;2;S/. 25.00;;1
953;1;RH 25+35+8;RETEN;2;S/. 25.00;;1
954;1;RH 25+37+7;RETEN;2;S/. 30.00;;1
955;1;RH 25+38+8;RETEN;2;S/. 30.00;;1
956;1;RH 25+40+10;RETEN;2;S/. 30.00;;1
957;1;RH 25+40+6.5;RETEN;2;S/. 30.00;;1
958;1;RH 25+40+8;RETEN;2;S/. 30.00;;1
959;1;RH 25+42+8;RETEN;2;S/. 30.00;;1
960;1;RH 25+43+8;RETEN;2;S/. 30.00;;1
961;1;RH 25+45+10;RETEN;2;S/. 30.00;;1
962;1;RH 25+45+8;RETEN;2;S/. 30.00;;1
963;1;RH 25+50+10;RETEN;2;S/. 30.00;;1
964;1;RH 27+35+6;RETEN;2;S/. 25.00;;1
965;1;RH 28+35+6;RETEN;2;S/. 25.00;;1
966;1;RH 28+36+4;RETEN;2;S/. 25.00;;1
967;1;RH 28+36+5.6;RETEN;2;S/. 25.00;;1
968;1;RH 28+36+6;RETEN;2;S/. 25.00;;1
969;1;RH 28+38+7;RETEN;2;S/. 30.00;;1
970;1;RH 28+40+10;RETEN;2;S/. 30.00;;1
971;1;RH 28+40+6;RETEN;2;S/. 30.00;;1
972;1;RH 28+40+8;RETEN;2;S/. 30.00;;1
973;1;RH 30.16+42.3+7.9;RETEN;2;S/. 30.00;;1
974;1;RH 30+37+5;RETEN;2;S/. 30.00;;1
975;1;RH 30+38+10;RETEN;2;S/. 30.00;;1
976;1;RH 30+38+6;RETEN;2;S/. 30.00;;1
977;1;RH 30+38+6.3;RETEN;2;S/. 30.00;;1
978;1;RH 30+38+7;RETEN;2;S/. 30.00;;1
979;1;RH 30+40+10;RETEN;2;S/. 30.00;;1
980;1;RH 30+40+5;RETEN;2;S/. 30.00;;1
981;1;RH 30+40+5.5;RETEN;2;S/. 30.00;;1
982;1;RH 30+40+6;RETEN;2;S/. 30.00;;1
983;1;RH 30+40+7;vuejs;2;S/. 0.00;;1
984;1;RH 30+40+7;react;2;S/. 0.00;;1
985;1;RH 30+40+7.3;RETEN;2;S/. 30.00;;1
986;1;RH 30+40+8;RETEN;2;S/. 30.00;;1
987;1;RH 30+42+10;RETEN;2;S/. 30.00;;1
988;1;RH 30+42+6;RETEN;2;S/. 30.00;;1
989;1;RH 30+45+10;RETEN;2;S/. 30.00;;1
990;1;RH 30+45+8;RETEN;2;S/. 30.00;;1
991;1;RH 31.5+44.3+9.5;RETEN;2;S/. 35.00;;1
992;1;RH 31.75+38.1+3.97;RETEN;2;S/. 30.00;;1
993;1;RH 31.75+38.1+4.76;RETEN;2;S/. 30.00;;1
994;1;RH 31.75+41.28+7.94;RETEN;2;S/. 30.00;;1
995;1;RH 31.75+42.27+4.7;RETEN;2;S/. 30.00;;1
996;1;RH 31.75+44.3+9.53;php;2;S/. 0.00;;1
997;1;RH 31.75+44.45+9.52;RETEN;2;S/. 30.00;;1
998;1;RH 31+75+38.1+6.3;node;2;S/. 0.00;;1
999;1;RH 32.5+38+8;RETEN;2;S/. 30.00;;1
1000;1;RH 32+39+8;RETEN;2;S/. 30.00;;1
1001;1;RH 32+40+10;RETEN;2;S/. 30.00;;1
1002;1;RH 32+40+4;RETEN;2;S/. 30.00;;1
1003;1;RH 32+40+5/7;springboot;2;S/. 0.00;;1
1004;1;RH 32+40+6;RETEN;2;S/. 30.00;;1
1005;1;RH 32+40+6.3;RETEN;2;S/. 30.00;;1
1006;1;RH 32+42+10;RETEN;2;S/. 30.00;;1
1007;1;RH 32+42+8;RETEN;2;S/. 30.00;;1
1008;1;RH 32+44+6.3;RETEN;2;S/. 30.00;;1
1009;1;RH 32+45+10;RETEN;2;S/. 30.00;;1
1010;1;RH 32+45+8;RETEN;2;S/. 30.00;;1
1011;1;RH 33+42+8;RETEN;2;S/. 30.00;;1
1012;1;RH 33+43.10;laravel;2;S/. 0.00;;1
1013;1;RH 33+43+10;RETEN;2;S/. 30.00;;1
1014;1;RH 34.92+42.6+4.78;RETEN;2;S/. 30.00;;1
1015;1;RH 34.92+47.62+9.3;RETEN;2;S/. 30.00;;1
1016;1;RH 34.93+41.28+6.35;RETEN;2;S/. 30.00;;1
1017;1;RH 34+92+47.62+9.3;vuejs;2;S/. 0.00;;1
1018;1;RH 35+42+7;RETEN;2;S/. 30.00;;1
1019;1;RH 35+43+5;RETEN;2;S/. 30.00;;1
1020;1;RH 35+43+6;RETEN;2;S/. 30.00;;1
1021;1;RH 35+43+7;RETEN;2;S/. 30.00;;1
1022;1;RH 35+45+5;RETEN;2;S/. 30.00;;1
1023;1;RH 35+46+10;RETEN;2;S/. 30.00;;1
1024;1;RH 35+48+8;RETEN;2;S/. 30.00;;1
1025;1;RH 35+50+10;ajax;2;S/. 0.00;;1
1026;1;RH 36+44+4;RETEN;2;S/. 30.00;;1
1027;1;RH 36+44+8;RETEN;2;S/. 30.00;;1
1028;1;RH 36+46+10;RETEN;2;S/. 30.00;;1
1029;1;RH 36+46+7.3;bootstrap;2;S/. 0.00;;1
1030;1;RH 36+51+10;RETEN;2;S/. 30.00;;1
1031;1;RH 36+52+10;RETEN;2;S/. 35.00;;1
1032;1;RH 37+47+10;RETEN;2;S/. 35.00;;1
1033;1;RH 38.1+44.45+6.3;RETEN;2;S/. 30.00;;1
1034;1;RH 38.1+47.63+7.94;RETEN;2;S/. 30.00;;1
1035;1;RH 38.1+50.8+6.35;RETEN;2;S/. 30.00;;1
1036;1;RH 38+45+5;RETEN;2;S/. 35.00;;1
1037;1;RH 38+45+6.5;RETEN;2;S/. 30.00;;1
1038;1;RH 38+48+6.5;sass;2;S/. 0.00;;1
1039;1;RH 38+48+8;RETEN;2;S/. 35.00;;1
1040;1;RH 38+50+10;RETEN;2;S/. 30.00;;1
1041;1;RH 38+55+10;jquery;2;S/. 0.00;;1
1042;1;RH 39+48+6.5;RETEN;2;S/. 30.00;;1
1043;1;RH 40+48+5;RETEN;2;S/. 30.00;;1
1044;1;RH 40+48+6;RETEN;2;S/. 30.00;;1
1045;1;RH 40+48+8;RETEN;2;S/. 30.00;;1
1046;1;RH 40+50+10;RETEN;2;S/. 30.00;;1
1047;1;RH 40+50+5;RETEN;2;S/. 30.00;;1
1048;1;RH 40+50+6;RETEN;2;S/. 30.00;;1
1049;1;RH 40+50+7.3;RETEN;2;S/. 30.00;;1
1050;1;RH 40+50+8;RETEN;2;S/. 30.00;;1
1051;1;RH 40+52+10;RETEN;2;S/. 30.00;;1
1052;1;RH 40+52+8;RETEN;2;S/. 30.00;;1
1053;1;RH 40+55+7;RETEN;2;S/. 35.00;;1
1054;1;RH 40+55+8;RETEN;2;S/. 30.00;;1
1055;1;RH 40+60+11.5;RETEN;2;S/. 35.00;;1
1056;1;RH 41.21+50.8+7.9;RETEN;2;S/. 30.00;;1
1057;1;RH 41.27+50.8+6.35;RETEN;2;S/. 30.00;;1
1058;1;RH 41.28+50.8+7.4;RETEN;2;S/. 30.00;;1
1059;1;RH 42+50+7;ajax;2;S/. 0.00;;1
1060;1;RH 42+52+10;RETEN;2;S/. 30.00;;1
1061;1;RH 42+52+8;RETEN;2;S/. 30.00;;1
1062;1;RH 42+55+7;RETEN;2;S/. 30.00;;1
1063;1;RH 42+55+8;RETEN;2;S/. 30.00;;1
1064;1;RH 43+55+6;RETEN;2;S/. 30.00;;1
1065;1;RH 44.45+53.47+6.35;RETEN;2;S/. 30.00;;1
1066;1;RH 44.45+53.97;RETEN;2;S/. 35.00;;1
1067;1;RH 44.45+57.15+7.93;RETEN;2;S/. 30.00;;1
1068;1;RH 44+50+8.5;RETEN;2;S/. 30.00;;1
1069;1;RH 45+53+5.6;RETEN;2;S/. 30.00;;1
1070;1;RH 45+53+6;RETEN;2;S/. 30.00;;1
1071;1;RH 45+53+7;RETEN;2;S/. 30.00;;1
1072;1;RH 45+53+9;RETEN;2;S/. 30.00;;1
1073;1;RH 45+55+10;RETEN;2;S/. 30.00;;1
1074;1;RH 45+55+5;RETEN;2;S/. 30.00;;1
1075;1;RH 45+55+5.7;RETEN;2;S/. 30.00;;1
1076;1;RH 45+55+6;RETEN;2;S/. 30.00;;1
1077;1;RH 45+55+6.5;RETEN;2;S/. 30.00;;1
1078;1;RH 45+55+7;python;2;S/. 0.00;;1
1079;1;RH 45+60+10;RETEN;2;S/. 30.00;;1
1080;1;RH 45+60+11.5;RETEN;2;S/. 35.00;;1
1081;1;RH 45+63+12;RETEN;2;S/. 35.00;;1
1082;1;RH 45+63+6;RETEN;2;S/. 30.00;;1
1083;1;RH 45+65+10;RETEN;2;S/. 35.00;;1
1084;1;RH 45+65+12;RETEN;2;S/. 35.00;;1
1085;1;RH 47.62+57.15+7.9;javascript;2;S/. 0.00;;1
1086;1;RH 47.62+57.15+7.93;RETEN;2;S/. 35.00;;1
1087;1;RH 48+60+7.9;RETEN;2;S/. 30.00;;1
1088;1;RH 50.8+63.5+9.53;RETEN;2;S/. 35.00;;1
1089;1;RH 50+60+10;RETEN;2;S/. 30.00;;1
1090;1;RH 50+60+5;RETEN;2;S/. 40.00;;1
1091;1;RH 50+60+7;RETEN;2;S/. 35.00;;1
1092;1;RH 50+60+8;RETEN;2;S/. 30.00;;1
1093;1;RH 50+62+10;RETEN;2;S/. 35.00;;1
1094;1;RH 50+63+6.5;RETEN;2;S/. 35.00;;1
1095;1;RH 50+63+8;RETEN;2;S/. 35.00;;1
1096;1;RH 50+65+5.6;RETEN;2;S/. 35.00;;1
1097;1;RH 50+65+9;RETEN;2;S/. 35.00;;1
1098;1;RH 50+70+10;RETEN;2;S/. 45.00;;1
1099;1;RH 52+50+8;php;2;S/. 0.00;;1
1100;1;RH 53.97+63.5+4.76;RETEN;2;S/. 35.00;;1
1101;1;RH 53+65+6;node;2;S/. 0.00;;1
1102;1;RH 53+65+8;RETEN;2;S/. 35.00;;1
1103;1;RH 55+65+10;RETEN;2;S/. 35.00;;1
1104;1;RH 55+65+6;RETEN;2;S/. 30.00;;1
1105;1;RH 55+70+10;RETEN;2;S/. 45.00;;1
1106;1;RH 55+70+12;RETEN;2;S/. 40.00;;1
1107;1;RH 55+75+10;RETEN;2;S/. 45.00;;1
1108;1;RH 55+75+12;RETEN;2;S/. 35.00;;1
1109;1;RH 60.33+76.2+9.53;RETEN;2;S/. 45.00;;1
1110;1;RH 60+68+8;RETEN;2;S/. 35.00;;1
1111;1;RH 60+70+10;RETEN;2;S/. 45.00;;1
1112;1;RH 60+70+6;RETEN;2;S/. 35.00;;1
1113;1;RH 60+70+7;RETEN;2;S/. 45.00;;1
1114;1;RH 60+71+7;RETEN;2;S/. 45.00;;1
1115;1;RH 63.5+73.2+9.52;RETEN;2;S/. 35.00;;1
1116;1;RH 63.5+82.55+14.28;RETEN;2;S/. 45.00;;1
1117;1;RH 65+75+10;javascript;2;S/. 0.00;;1
1118;1;RH 65+75+12;RETEN;2;S/. 45.00;;1
1119;1;RH 65+75+8;RETEN;2;S/. 45.00;;1
1120;1;RH 65+80+9;RETEN;2;S/. 45.00;;1
1121;1;RH 69.85+89.9+15.88;RETEN;2;S/. 55.00;;1
1122;1;RH 69+85+98.9;RETEN;2;S/. 50.00;;1
1123;1;RH 70+85+12;RETEN;2;S/. 45.00;;1
1124;1;RH 70+90+10;RETEN;2;S/. 45.00;;1
1125;1;RH 70+95+12;RETEN;2;S/. 55.00;;1
1126;1;RH 71+80+6;RETEN;2;S/. 45.00;;1
1127;1;RH 75+85+11.5;RETEN;2;S/. 45.00;;1
1128;1;RH 75+85+12;RETEN;2;S/. 45.00;;1
1129;1;RH 75+86+12;flexbox;2;S/. 0.00;;1
1130;1;RH 76.2+101.6+9.53;RETEN;2;S/. 55.00;;1
1131;1;RH 76+82+5;RETEN;2;S/. 45.00;;1
1132;1;RH 80+88+11.5;RETEN;2;S/. 45.00;;1
1133;1;RH 80+90+10;RETEN;2;S/. 45.00;;1
1134;1;RH 80+90+5;RETEN;2;S/. 45.00;;1
1135;1;RH 80+92+8;RETEN;2;S/. 55.00;;1
1136;1;RH 80+95+12;RETEN;2;S/. 45.00;;1
1137;1;RH 82.56+95.35+9.52;RETEN;2;S/. 45.00;;1
1138;1;RH 85.72+101.6+15.82;RETEN;2;S/. 45.00;;1
1139;1;RH 85+93+11.5;RETEN;2;S/. 45.00;;1
1140;1;RH 85+93+8;RETEN;2;S/. 45.00;;1
1141;1;RH 85+95+12;RETEN;2;S/. 45.00;;1
1142;1;RH 90+100+7;RETEN;2;S/. 50.00;;1
1143;1;RH 90+100+8;RETEN;2;S/. 55.00;;1
1144;1;RH 90+102+8.5;RETEN;2;S/. 50.00;;1
1145;1;RH 90+102+8.7;ruby;2;S/. 0.00;;1
1146;1;RH 90+110+10;RETEN;2;S/. 60.00;;1
1147;1;RH 90+115+12;RETEN;2;S/. 60.00;;1
1148;1;RH 95.72+101.6+15.82;laravel;2;S/. 0.00;;1
1149;1;RH 95+103+11.5;RETEN;2;S/. 55.00;;1
1150;1;RH 95+110+10;RETEN;2;S/. 55.00;;1
1151;1;RH 95+110+12;RETEN;2;S/. 60.00;;1
1152;1;RH 95+110+9;RETEN;2;S/. 55.00;;1
1153;1;RH 98+118+9;RETEN;2;S/. 60.00;;1
1154;1;WR 25+30+9.5;GUIA FERROSEL;2;S/. 15.00;;1
1155;1;WR 30+34+9.5;GUIA FERROSEL;2;S/. 15.00;;1
1156;1;WR 30+35+5.7;GUIA FERROSEL;2;S/. 15.00;;1
1157;1;WR 30+35+9.5;GUIA FERROSEL;2;S/. 15.00;;1
1158;1;WR 32+37+9.5;GUIA FERROSEL;2;S/. 15.00;;1
1159;1;WR 35+40+10;GUIA FERROSEL;2;S/. 15.00;;1
1160;1;WR 35+40+15;GUIA FERROSEL;2;S/. 15.00;;1
1161;1;WR 35+40+5.7;GUIA FERROSEL;2;S/. 15.00;;1
1162;1;WR 40+44+15;GUIA FERROSEL;2;S/. 16.00;;1
1163;1;WR 40+44+20;GUIA FERROSEL;2;S/. 16.00;;1
1164;1;WR 40+44+9.5;GUIA FERROSEL;2;S/. 16.00;;1
1165;1;WR 40+45+15;GUIA FERROSEL;2;S/. 16.00;;1
1166;1;WR 40+45+20;GUIA FERROSEL;2;S/. 18.00;;1
1167;1;WR 40+45+9.5;GUIA FERROSEL;2;S/. 16.00;;1
1168;1;WR 44.45+50.8+9.5;GUIA FERROSEL;2;S/. 15.00;;1
1169;1;WR 44.45+50.88+12.7;GUIA FERROSEL;2;S/. 15.00;;1
1170;1;WR 45+50+15;GUIA FERROSEL;2;S/. 20.00;;1
1171;1;WR 45+50+20;GUIA FERROSEL;2;S/. 20.00;;1
1172;1;WR 45+50+25;GUIA FERROSEL;2;S/. 20.00;;1
1173;1;WR 45+50+5.7;GUIA FERROSEL;2;S/. 16.00;;1
1174;1;WR 45+50+9.7;GUIA FERROSEL;2;S/. 18.00;;1
1175;1;WR 50.8+57.15+12.7;GUIA FERROSEL;2;S/. 20.00;;1
1176;1;WR 50.8+57.15+15.88;GUIA FERROSEL;2;S/. 20.00;;1
1177;1;WR 50.8+57.15+19.5;GUIA FERROSEL;2;S/. 20.00;;1
1178;1;WR 50.8+57.15+25.4;GUIA FERROSEL;2;S/. 20.00;;1
1179;1;WR 50.8+57.15+9.53;GUIA FERROSEL;2;S/. 20.00;;1
1180;1;WR 50+55+15;GUIA FERROSEL;2;S/. 20.00;;1
1181;1;WR 50+55+20;GUIA FERROSEL;2;S/. 20.00;;1
1182;1;WR 50+55+25;GUIA FERROSEL;2;S/. 22.00;;1
1183;1;WR 50+55+5.7;GUIA FERROSEL;2;S/. 20.00;;1
1184;1;WR 50+55+9.5;GUIA FERROSEL;2;S/. 20.00;;1
1185;1;WR 55+60+15;GUIA FERROSEL;2;S/. 20.00;;1
1186;1;WR 55+60+20;GUIA FERROSEL;2;S/. 20.00;;1
1187;1;WR 55+60+9.5;GUIA FERROSEL;2;S/. 20.00;;1
1188;1;WR 57.15+63.5+12.7;GUIA FERROSEL;2;S/. 18.00;;1
1189;1;WR 57.15+63.5+15.88;GUIA FERROSEL;2;S/. 16.00;;1
1190;1;WR 57.15+63.5+19.5;GUIA FERROSEL;2;S/. 25.00;;1
1191;1;WR 57.15+63.5+25.4;GUIA FERROSEL;2;S/. 25.00;;1
1192;1;WR 57.15+63.5+9.53;GUIA FERROSEL;2;S/. 18.00;;1
1193;1;WR 60+65+15;GUIA FERROSEL;2;S/. 20.00;;1
1194;1;WR 60+65+20;GUIA FERROSEL;2;S/. 20.00;;1
1195;1;WR 60+65+5.7;GUIA FERROSEL;2;S/. 20.00;;1
1196;1;WR 60+65+9.5;GUIA FERROSEL;2;S/. 20.00;;1
1197;1;WR 63.5+69.8+9.5;GUIA FERROSEL;2;S/. 20.00;;1
1198;1;WR 63.5+69.85+12.7;GUIA FERROSEL;2;S/. 20.00;;1
1199;1;WR 63.5+69.85+15.88;GUIA FERROSEL;2;S/. 20.00;;1
1200;1;WR 63.5+69.85+19.5;GUIA FERROSEL;2;S/. 25.00;;1
1201;1;WR 63.5+69.85+25.4;laravel;2;S/. 0.00;;1
1202;1;WR 65+70+15;GUIA FERROSEL;2;S/. 20.00;;1
1203;1;WR 65+70+20;composer;2;S/. 0.00;;1
1204;1;WR 65+70+5.7;GUIA FERROSEL;2;S/. 25.00;;1
1205;1;WR 65+70+9.5;GUIA FERROSEL;2;S/. 20.00;;1
1206;1;WR 69.8+76.2+19.5;vuejs;2;S/. 0.00;;1
1207;1;WR 69.85+76.2+12.7;react;2;S/. 0.00;;1
1208;1;WR 69.85+76.2+15+88;GUIA FERROSEL;2;S/. 30.00;;1
1209;1;WR 69.85+76.2+25.4;GUIA FERROSEL;2;S/. 25.00;;1
1210;1;WR 70+75+15;GUIA FERROSEL;2;S/. 20.00;;1
1211;1;WR 70+75+20;GUIA FERROSEL;2;S/. 20.00;;1
1212;1;WR 70+75+5.7;GUIA FERROSEL;2;S/. 20.00;;1
1213;1;WR 70+75+9.5;GUIA FERROSEL;2;S/. 20.00;;1
1214;1;WR 70+76+12.7;GUIA FERROSEL;2;S/. 20.00;;1
1215;1;WR 74+80+15;python;2;S/. 0.00;;1
1216;1;WR 75+80+20;ruby;2;S/. 0.00;;1
1217;1;WR 75+80+5.7;GUIA FERROSEL;2;S/. 22.00;;1
1218;1;WR 75+80+6.8;GUIA FERROSEL;2;S/. 20.00;;1
1219;1;WR 75+80+9.5;GUIA FERROSEL;2;S/. 20.00;;1
1220;1;WR 76.2+82.55+25.5;php;2;S/. 0.00;;1
1221;1;WR 76.2+82.55+9.5;composer;2;S/. 0.00;;1
1222;1;WR 76.2+82.55+9.5;node;2;S/. 0.00;;1
1223;1;WR 80+85+15;javascript;2;S/. 0.00;;1
1224;1;WR 80+85+20;vuejs;2;S/. 0.00;;1
1225;1;WR 80+85+9.5;react;2;S/. 0.00;;1
1226;1;WR 80+86+25;angular;2;S/. 0.00;;1
1227;1;WR 82.55+88.9+12.7;springboot;2;S/. 0.00;;1
1228;1;WR 82.55+88.9+15.5;sass;2;S/. 0.00;;1
1229;1;WR 82.55+88.9+19.5;html;2;S/. 0.00;;1
1230;1;WR 82.55+88.9+25.4;css;2;S/. 0.00;;1
1231;1;WR 82.55+88.9+9.5;jquery;2;S/. 0.00;;1
1232;1;WR 84+90+15;ajax;2;S/. 0.00;;1
1233;1;WR 84+90+25;python;2;S/. 0.00;;1
1234;1;WR 84+90+9.5;ruby;2;S/. 0.00;;1
1235;1;WR 85+90+15;flexbox;2;S/. 0.00;;1
1236;1;WR 85+90+20;bootstrap;2;S/. 0.00;;1
1237;1;WR 85+90+5.7;laravel;2;S/. 0.00;;1
1238;1;WR 85+90+9.5;php;2;S/. 0.00;;1
1239;1;WR 88.9+95.25+19.5;composer;2;S/. 0.00;;1
1240;1;WR 88.9+95.25+25.4;node;2;S/. 0.00;;1
1241;1;WR 88.96+95.25+9.5;javascript;2;S/. 0.00;;1
1242;1;WR 90+95+15;vuejs;2;S/. 0.00;;1
1243;1;WR 90+95+20;react;2;S/. 0.00;;1
1244;1;WR 90+95+9.5;angular;2;S/. 0.00;;1
1245;1;WR 94+100+20;springboot;2;S/. 0.00;;1
1246;1;WR 95.25+101.6+15.8;sass;2;S/. 0.00;;1
1247;1;WR 95.25+101.6+19.5;html;2;S/. 0.00;;1
1248;1;WR 95.25+101.6+25.4;GUIA FERROSEL;2;S/. 45.00;;1
1249;1;WR 95+100+15;jquery;2;S/. 0.00;;1
1250;1;WR 95+100+20;ajax;2;S/. 0.00;;1
1251;1;WR 95+100+25;python;2;S/. 0.00;;1
1252;1;WR 100+105+15;ruby;2;S/. 0.00;;1
1253;1;WR 100+105+20;flexbox;2;S/. 0.00;;1
1254;1;WR 100+105+9.5;bootstrap;2;S/. 0.00;;1
1255;1;WR 101.6+107.9+12.7;laravel;2;S/. 0.00;;1
1256;1;WR 101.6+107.9+19.5;php;2;S/. 0.00;;1
1257;1;WR 101.6+107.9+19.5;composer;2;S/. 0.00;;1
1258;1;WR 101.6+107.9+9.5;node;2;S/. 0.00;;1
1259;1;WR 104+110+15;javascript;2;S/. 0.00;;1
1260;1;WR 105+110+15;vuejs;2;S/. 0.00;;1
1261;1;;javascript;2;S/. 47.00;;1
1262;1;BA 12.7+19.5+4.9;laravel;2;S/. 38453.00;;1
1263;1;BA 12.7+19.5+4.8;php;2;S/. 5.00;;1
1264;1;BA 12.7+19.5+4.8;c++;2;S/. 17.00;;1
1265;1;BA 12.7+19.5+4.76;RETEN DE EMBOLO;2;S/. 15.00;;1
1266;1;BA 12.7+19.5+4.8;laravel;2;S/. 23424.00;;1
1267;1;RH 5+12+5;RETEN;2;S/. 15.00;;1
1268;1;RH 5+14+8;RETEN;2;S/. 15.00;;1
1269;1;RH 12+18+5;12+18+5;2;S/. 18.00;;1
1270;1;RH 10+14+3.5;RETEN;2;S/. 22.00;;1
1271;1;RH 20+32+8;RETEN;2;S/. 28.00;;1
1272;1;RH 25+33+5.8;RETEN;2;S/. 25.00;;1
1273;1;RH 126+133+14;RETEN;2;S/. 100.00;;1
1274;1;RH 95+97+7/12;RETEN;2;S/. 45.00;;1
1275;1;RH 60+76+12;RETEN;2;S/. 45.00;;1
1276;1;RH 31.75+38.1+6.3;RETEN;2;S/. 30.00;;1
1277;1;DHS 18+25+5/7;LIMPIADOR HIDRAULICO;2;S/. 22.00;;1
1278;1;RH 42+50+8;RETEN;2;S/. 30.00;;1
1279;1;DHS 60+70+5/7;LIMPIADOR HIDRAULICO;2;S/. 35.00;;1
1280;1;PW 38+48+5/7;LIMPIADOR HIDRAULICO;2;S/. 30.00;;1
1281;1;BA 9.53+15.88+6.35;RETEN DE EMBOLO;2;S/. 15.00;;1
1282;1;BA 15.88+22.23+6.35;RETEN DE EMBOLO;2;S/. 18.00;;1
1283;1;BA 15.88+25.4+4.76;RETEN DE EMBOLO;2;S/. 18.00;;1
1284;1;BA 38+48+10;RETEN DE EMBOLO;2;S/. 30.00;;1
1285;1;BA 44.45+60.33+11.11;RETEN DE EMBOLO;2;S/. 40.00;;1
1286;1;BA 85+100+12;RETEN DE EMBOLO;2;S/. 60.00;;1
1287;1;RB 12+25+7/7.5;RETEN DE BOMBA HIDRAULICA;2;S/. 20.00;;1
1288;1;RB 12+22+6/6.5;RETEN DE BOMBA HIDRAULICA;2;S/. 20.00;;1
1289;1;RB 12+20+6/6.5;RETEN DE BOMBA HIDRAULICA;2;S/. 20.00;;1
1290;1;RB 12+24+6/6.5;RETEN DE BOMBA HIDRAULICA;2;S/. 20.00;;1
1291;1;RB 14+24+7/7.5;RETEN DE BOMBA HIDRAULICA;2;S/. 20.00;;1
1292;1;RB 22.23+34.92+6.3/6.8;RETEN DE BOMBA HIDRAULICA;2;S/. 25.00;;1
1293;1;RB 22+35+7;RETEN DE BOMBA HIDRAULICA;2;S/. 30.00;;1
1294;1;RB 25.4+44.45+9.53/10;RETEN DE BOMBA HIDRAULICA;2;S/. 35.00;;1
1295;1;RB 50+80+8/8.5;RETEN DE BOMBA HIDRAULICA;2;S/. 60.00;;1
1296;1;RB 55+90+10;RETEN DE BOMBA HIDRAULICA;2;S/. 50.00;;1
1297;1;PW 44.45+53.97+4.46/7.9;LIMPIADOR HIDRAULICO;2;S/. 30.00;;1
1298;1;3.53+63.09+70.15 BACK UP 2-230;BAQUELITA;2;S/. 12.00;;1
1299;1;3.53+56.74+63.80 BACK UP 2-228;BAQUELITA;2;S/. 12.00;;1
1300;1;2.62+39.34+44.58 BACK UP 2-129;BAQUELITA;2;S/. 6.00;;1
1301;1;2.62+40.94+46.18 BACK UP 2-130;BAQUELITA;2;S/. 6.00;;1
1302;1;2.62+42.52+47.76 BACK UP 2-131;BAQUELITA;2;S/. 6.00;;1
